Id,Word,Zh_meaning
1,abbieg,
4,abbild,
5,abe,
6,aben,
7,abend,
45,abendess,
57,abendzeit,
58,abentev,
59,aber,
151,abfahr,
152,abfahrt,
158,abfall,
159,abfalleim,
160,abflieg,
161,abflug,
163,abgas,
164,abgeb,
171,abgebog,
172,abgefahr,
174,abgegeb,
175,abgehang,
176,abgehob,
177,abgeholt,
180,abgelauf,
181,abgelehnt,
182,abgemacht,
183,abgenomm,
184,abgesagt,
185,abgeschloss,
189,abgeschrieb,
190,abgestimmt,
191,abgewasch,
192,abhang,
194,abheb,
195,abhol,
205,abholt,
206,abitur,
208,ablehn,
209,abmach,
210,abnehm,
212,abonnement,
213,abonni,
214,abonniert,
216,absag,
217,abschied,
220,abschliess,
223,abschluss,
224,abschnitt,
225,abschreib,
226,absend,
231,absenderin,
232,absicht,
234,absolut,
236,abstimm,
237,abteil,
240,abwart,
242,abwartin,
244,abwasch,
245,abwes,
246,abzuhol,
247,abzuschliess,
248,ach,
252,acht,
279,achtet,
281,achtung,
297,achtzig,
298,acrt,
299,adef,
300,adress,
311,ads,
312,aerab,
313,affenhsc,
314,afrika,
315,agata,
316,age,
317,agha,
318,aglich,
319,ahen,
320,ahnlich,
324,ahnung,
328,aktion,
329,aktiv,
333,aktivitat,
334,aktuel,
335,aktuell,
338,akzepti,
340,akzeptiert,
342,alarm,
343,ale,
344,alessandro,
345,alex,
346,alexand,
347,ali,
348,alkohol,
350,alkoholfrei,
351,alkoholsucht,
352,all,
410,allein,
439,allerb,
440,allerding,
441,allerschon,
481,allgemein,
484,allmah,
485,alltag,
488,alphabet,
491,alr,
492,als,
589,also,
604,alsob,
605,alt,
633,altbau,
651,altenheim,
663,alternativ,
666,altersheim,
672,altpapi,
673,amadeo,
674,amira,
675,amp,
676,ampel,
685,amt,
686,amusi,
687,amusiert,
690,analysi,
691,analysiert,
693,anbau,
694,anbiet,
703,and,
730,andererseit,
755,andert,
758,ander,
759,andreas,
760,anerkannt,
761,anerkenn,
762,aneta,
763,anfang,
784,angab,
786,ang,
787,angeb,
788,angebot,
805,angefang,
807,angegeb,
808,angehabt,
809,angehor,
810,angeklickt,
811,angekomm,
814,angekundigt,
815,angemacht,
816,angemeldet,
819,angenehm,
823,angenomm,
824,angeruf,
834,angesagt,
835,angeschafft,
836,angeschloss,
837,angeschnallt,
838,angeseh,
839,angesproch,
840,angestellt,
844,angestrengt,
845,angewendet,
846,angezeigt,
847,angezog,
848,angst,
858,angstlich,
860,anhab,
861,anhalt,
862,anklick,
865,ankomm,
867,ankreuz,
872,ankund,
873,ankunft,
879,anlag,
880,anlass,
881,anleit,
883,anmach,
884,anmeldefrist,
885,anmeld,
910,ann,
911,anna,
912,annah,
913,annehm,
914,annonc,
916,anns,
917,annseou,
918,annst,
920,anprobi,
921,anr,
922,anred,
925,anruf,
932,anrufbeantwort,
950,ans,
956,ansag,
960,anschaff,
961,anschliess,
962,anschluss,
969,anschnall,
970,anseh,
975,ansprech,
976,anspruch,
977,anstell,
979,anstreng,
981,anton,
982,antonio,
983,antrag,
984,antwort,
992,antwortbog,
998,antwortet,
1002,anwalt,
1003,anwaltin,
1004,anwend,
1006,anwes,
1007,anzahl,
1008,anzeig,
1017,anzieh,
1022,anzufang,
1023,anzug,
1031,anzuruf,
1032,anzuschnall,
1033,apartment,
1035,apetar,
1036,apfel,
1045,apfelbaum,
1046,apfelkuch,
1047,apfelsaft,
1050,apothek,
1063,apparat,
1068,appetit,
1078,aprikos,
1080,april,
1081,arabella,
1082,arb,
1083,arbeit,
1217,arbeiterin,
1219,arbeitet,
1252,arbeitnehm,
1255,arbeitsamt,
1256,arbeitsbeding,
1257,arbeitserlaubnis,
1259,arbeitskolleg,
1260,arbeitslos,
1268,arbeitsmarkt,
1269,arbeitsplatz,
1272,arbeitsstell,
1273,arbeitstag,
1274,arbeitstechn,
1275,arbeitsverhaltnis,
1276,arbeitszeit,
1278,architekt,
1279,architektin,
1280,arg,
1286,argerst,
1287,argert,
1290,ark,
1291,arm,
1305,art,
1309,artikel,
1319,arz,
1320,arzt,
1362,arztin,
1364,arztpraxis,
1365,arzttermin,
1366,arzu,
1367,asc,
1368,aspirin,
1369,ass,
1370,ast,
1371,asyl,
1372,atem,
1373,aterina,
1374,atlantis,
1375,atm,
1377,atmet,
1379,aua,
1380,auch,
1472,auer,
1473,auet,
1474,auf,
1818,aufenthalt,
1821,aufenthaltsraum,
1822,auff,
1823,auffall,
1824,aufford,
1825,aufforder,
1826,auffuhr,
1827,aufgab,
1838,aufgeb,
1839,aufgefall,
1840,aufgefordert,
1841,aufgefuhrt,
1842,aufgegeb,
1843,aufgehalt,
1844,aufgehob,
1845,aufgehort,
1846,aufgelad,
1847,aufgelost,
1848,aufgemacht,
1849,aufgenomm,
1852,aufgepasst,
1854,aufgeraumt,
1855,aufgeregt,
1856,aufgeschrieb,
1857,aufgestand,
1859,aufgetret,
1860,aufgewacht,
1861,aufhalt,
1862,aufhang,
1864,aufheb,
1866,aufhor,
1869,auflad,
1870,auflos,
1871,aufmach,
1874,aufmerksam,
1877,aufnahm,
1879,aufnehm,
1880,aufpass,
1882,aufraaum,
1883,aufraum,
1885,aufreg,
1896,aufschreib,
1897,aufsnuc,
1898,aufsteh,
1903,auftrag,
1905,auftret,
1906,auftritt,
1907,aufwach,
1908,aufwart,
1910,aufzu,
1911,aufzug,
1922,aufzusteh,
1923,aufzzuuug,
1924,aug,
1932,augenblick,
1936,august,
1938,aus,
2147,ausbild,
2159,ausdruck,
2164,auseinand,
2165,ausfahrt,
2168,ausfall,
2169,ausflug,
2181,ausfull,
2184,ausg,
2185,ausgab,
2187,ausgang,
2192,ausgeb,
2194,ausgebildet,
2195,ausgedruckt,
2196,ausgefall,
2197,ausgefullt,
2199,ausgegang,
2204,ausgegeb,
2205,ausgeh,
2206,ausgemacht,
2209,ausgemess,
2210,ausgepackt,
2211,ausgereicht,
2212,ausgerichtet,
2213,ausgeruht,
2215,ausgeschlaf,
2216,ausgeschloss,
2218,ausgeseh,
2220,ausgesproch,
2221,ausgestellt,
2223,ausgestieg,
2224,ausgesucht,
2225,ausgetrag,
2226,ausgewahlt,
2227,ausgezeichnet,
2228,ausgezog,
2231,aushilf,
2232,auskunft,
2241,ausland,
2250,auslanderin,
2251,auslanderinn,
2255,ausleih,
2256,ausmach,
2259,ausn,
2260,ausnahm,
2261,auspack,
2262,ausreich,
2264,ausricht,
2265,ausruh,
2266,aussag,
2267,ausschliess,
2269,ausseh,
2271,auss,
2280,ausserd,
2284,ausserhalb,
2289,aussicht,
2294,aussieht,
2295,aussprach,
2296,aussprech,
2297,aussteig,
2308,ausstell,
2314,aussuch,
2315,austausch,
2316,austrag,
2317,auswahl,
2320,ausweis,
2330,auszieh,
2332,auszumach,
2333,auto,
2425,autobahn,
2437,autofabr,
2438,autofahr,
2440,automat,
2457,automechan,
2458,automobilmess,
2459,autor,
2460,autorin,
2461,autos,
2463,autotur,
2464,auu,
2465,auuf,
2475,auus,
2483,auussag,
2484,auuuf,
2485,aydin,
2486,baa,
2487,baby,
2499,babysitt,
2501,bachstrass,
2502,back,
2512,backerei,
2516,backerel,
2517,backform,
2518,backt,
2522,bad,
2546,badet,
2548,badewann,
2550,badezimm,
2552,bahn,
2573,bahnhof,
2620,bahnhofsrestaurant,
2621,bahnhofstrass,
2624,bahnsteig,
2635,bald,
2656,balkon,
2665,ball,
2673,ballett,
2674,banan,
2681,bancomat,
2682,band,
2683,bank,
2705,bankkonto,
2706,bankleitzahl,
2707,bankomat,
2712,bar,
2723,barg,
2724,bargeld,
2725,bart,
2727,basel,
2728,basketball,
2732,bast,
2734,bastelmateriali,
2735,basteln,
2738,bastelt,
2740,bat,
2741,batteri,
2743,bau,
2744,bauch,
2748,bauchschmerz,
2756,bauernhof,
2757,bauingenieur,
2758,baum,
2772,baustel,
2773,baustell,
2778,baustellenbereich,
2779,baustil,
2780,baut,
2783,bay,
2784,bdbietet,
2785,beacht,
2790,beachtet,
2792,beamt,
2793,beamtin,
2795,beant,
2796,beantrag,
2797,beantragt,
2800,beantwort,
2803,beantwortet,
2808,bearbeit,
2809,bearundet,
2810,beau,
2811,beck,
2812,bedank,
2815,bedankt,
2819,bedarf,
2820,bedeut,
2822,bedeutet,
2834,bedi,
2835,bedient,
2839,bedienungsanleit,
2840,beding,
2843,beduc,
2844,beeil,
2854,beeilt,
2859,beeinfluss,
2860,beeinflusst,
2863,beend,
2866,beendet,
2870,befand,
2871,befind,
2872,befindet,
2876,befreit,
2877,befried,
2878,befund,
2879,begann,
2880,begegn,
2881,begegnet,
2884,begeistert,
2886,beginn,
2892,beginnt,
2908,begleit,
2910,begleitet,
2912,begmnt,
2913,begonn,
2914,begrenzt,
2915,begrund,
2919,begrundet,
2923,begruss,
2924,begrusst,
2929,behalt,
2932,behandeln,
2933,behandelt,
2936,behandl,
2937,behaupt,
2938,behauptet,
2941,behielt,
2942,behind,
2943,behindert,
2947,behord,
2948,bei,
3112,beid,
3134,beim,
3167,bein,
3179,beinah,
3180,beispi,
3181,beispiel,
3188,beispielsweis,
3189,beiss,
3190,beisst,
3191,beit,
3192,beitrag,
3194,bekam,
3195,bekannt,
3217,bekomm,
3317,bekommt,
3339,bel,
3341,beleg,
3342,belegt,
3343,beleid,
3344,beleidigt,
3347,beliebt,
3350,bella,
3351,bemerk,
3352,bemerkt,
3355,bemuh,
3356,bemuht,
3359,benot,
3360,benotigt,
3362,benutz,
3375,benutzt,
3379,benzin,
3382,benzinpreis,
3383,beobacht,
3384,beobachtet,
3387,bequ,
3391,bequem,
3394,ber,
3395,berat,
3404,berechn,
3405,berechnet,
3408,bereich,
3409,bereit,
3413,bereitet,
3419,berg,
3435,berghaus,
3436,bericht,
3442,berichtet,
3448,beriet,
3449,berlin,
3487,beruf,
3508,berufstat,
3510,beruh,
3512,beruhigt,
3514,beruhmt,
3518,beruhrt,
3519,besass,
3520,bescha,
3521,beschad,
3522,beschadigt,
3525,beschaft,
3526,beschaftigt,
3531,bescheid,
3545,beschliess,
3546,beschliesst,
3547,beschloss,
3550,beschrank,
3551,beschrankt,
3553,beschreib,
3557,beschreibt,
3560,beschrieb,
3562,beschw,
3566,beschwert,
3572,besess,
3573,besetz,
3574,besetzt,
3588,besicht,
3594,besichtigt,
3601,besitz,
3602,besitzt,
3605,besond,
3626,besorg,
3629,besorgt,
3631,besprach,
3632,besprech,
3635,bespricht,
3636,besproch,
3637,bess,
3658,besser,
3659,best,
3660,bestand,
3668,bestati,
3669,bestat,
3674,bestatigt,
3682,besteh,
3683,besteht,
3687,bestell,
3698,bestellt,
3723,bestimmt,
3730,bestraf,
3731,bestraft,
3735,bestucczjht,
3736,besuch,
3770,besucht,
3777,beteil,
3778,beteiligt,
3780,betrag,
3782,betragt,
3783,betret,
3784,betreu,
3786,betreuerin,
3787,betreut,
3791,betreverin,
3792,betrieb,
3799,betriebsrat,
3800,betriebsratin,
3801,betriebssyst,
3802,betrog,
3804,betrug,
3805,betrugt,
3806,betrunk,
3807,bett,
3826,béuch,
3827,bevolker,
3828,bevor,
3831,bewarb,
3832,beweg,
3835,bewegt,
3838,beweis,
3841,beweist,
3842,bewerb,
3850,bewi,
3851,bewies,
3852,bewirbt,
3853,bewohn,
3854,bewohnerin,
3855,bewolkt,
3857,beworb,
3861,bewund,
3862,bezah,
3863,bezahl,
3879,bezahlt,
3887,bezieh,
3889,bgrf,
3890,bibliothek,
3896,biegt,
3897,bier,
3918,biert,
3919,biet,
3920,bietet,
3924,biio,
3925,bild,
3943,bildschirm,
3946,billet,
3947,billett,
3949,billig,
3962,bin,
4132,bio,
4133,bioabfall,
4134,biogemus,
4135,biologi,
4136,biolog,
4137,birn,
4141,bis,
4222,bish,
4223,biss,
4224,bissch,
4242,bist,
4294,bistro,
4295,bit,
4296,bitt,
4829,bittet,
4830,bjoorn,
4831,blass,
4832,blatt,
4839,blau,
4845,bleib,
4877,bleibt,
4884,bleistift,
4894,blg,
4895,blick,
4899,blieb,
4900,blind,
4901,blitz,
4905,blitzt,
4907,blod,
4908,blog,
4909,blond,
4913,bloss,
4915,bluh,
4916,bluht,
4918,blum,
4929,blus,
4951,blut,
4953,blutet,
4955,bod,
4960,bodense,
4961,bog,
4963,bohn,
4967,bond,
4968,book,
4970,boos,
4971,boot,
4973,bord,
4974,bos,
4982,bot,
4983,botschaft,
4984,brach,
4985,bracht,
4986,brandn,
4987,brannt,
4988,brasili,
4993,brat,
5001,bratwurst,
5002,brauch,
5079,braucht,
5094,brech,
5095,breit,
5105,brem,
5106,brems,
5111,brenn,
5112,brennt,
5113,bricht,
5114,brief,
5154,briefkast,
5159,briefmark,
5172,brieftasch,
5176,brieftrag,
5178,brieftragerin,
5179,briefumschlag,
5182,briet,
5183,brill,
5199,bring,
5236,bringt,
5239,broschur,
5240,brot,
5256,brotch,
5271,brotli,
5274,bruck,
5277,brud,
5311,brunn,
5312,brust,
5313,bsp,
5314,btly,
5315,bub,
5317,buch,
5359,buchdruck,
5375,buchhandl,
5376,buchlad,
5377,buchmess,
5378,buchs,
5380,buchsta,
5381,buchstab,
5387,buchstabi,
5392,buchstabiert,
5394,buchstablert,
5395,bucht,
5397,bud,
5398,buffet,
5399,buhn,
5400,bul,
5401,bundeskanzlerin,
5402,bunt,
5406,burg,
5408,burgerin,
5409,burgerinn,
5410,buro,
5434,buros,
5435,burst,
5437,bus,
5472,busbahnhof,
5473,busfahr,
5474,busfahrerin,
5475,butt,
5484,buttercrem,
5485,buuro,
5486,caf,
5498,cafeteria,
5502,camping,
5503,campingplatz,
5504,carag,
5505,card,
5507,carola,
5508,cas,
5509,caterina,
5510,cbl,
5511,cchhau,
5512,cds,
5513,cecn,
5514,ceficht,
5515,ceh,
5516,celsius,
5517,cent,
5518,cepack,
5519,cgregor,
5520,chalt,
5521,chanc,
5523,charlott,
5524,chatt,
5525,chattet,
5526,chauf,
5527,chef,
5538,chefin,
5542,chen,
5543,chet,
5544,chic,
5545,chick,
5546,chiemse,
5547,china,
5550,chines,
5551,chipkart,
5552,chmeckt,
5553,christina,
5554,christin,
5555,chtist,
5556,cin,
5557,circa,
5559,claudia,
5562,club,
5564,cna,
5565,coiffeur,
5567,coiffeus,
5568,cola,
5570,comic,
5571,comics,
5572,comput,
5593,computerfachfrau,
5594,computerkenntnis,
5595,computerkur,
5598,computerprogramm,
5599,computerraum,
5600,computerspezialist,
5601,conchi,
5603,cou,
5604,couch,
5605,cousin,
5608,couvert,
5610,crem,
5617,cthph,
5618,ctift,
5619,daar,
5620,daba,
5621,dabei,
5635,dabel,
5642,dach,
5644,dacht,
5647,dafur,
5664,dageg,
5674,dah,
5676,dahin,
5677,damal,
5680,dam,
5690,damit,
5698,danach,
5700,dan,
5701,daneb,
5706,dang,
5707,dank,
5731,dankbar,
5779,dankt,
5781,dann,
5820,dapfel,
5821,dar,
5822,daran,
5829,darauf,
5834,darf,
5901,dargestellt,
5902,darguf,
5903,darmstadt,
5904,darstell,
5906,darub,
5913,darum,
5914,das,
7340,dass,
7442,dasselb,
7444,dassiv,
7445,dast,
7446,datei,
7460,datel,
7461,dat,
7466,datum,
7476,dau,
7479,dauernd,
7481,dauert,
7493,dauvuert,
7494,dav,
7495,davert,
7500,davon,
7502,davu,
7504,davuert,
7505,dazu,
7510,dbitt,
7511,ddas,
7512,ddemi,
7513,deck,
7515,dein,
7614,dekomm,
7615,dekori,
7616,dekoriert,
7618,dem,
7810,den,
8184,denk,
8196,denkmal,
8199,denkt,
8202,denn,
8232,dennis,
8233,der,
9895,deremgang,
9897,derselb,
9898,dert,
9899,deruhmt,
9900,des,
9926,deshalb,
9936,dessert,
9939,desto,
9940,desweg,
9941,det,
9942,detail,
9944,deutlich,
9948,deutsch,
9985,deutschkenntnis,
9986,deutschkur,
9996,deutschland,
10014,deutschlehrerin,
10015,deutschlern,
10016,deutschub,
10017,dgr,
10018,dialekt,
10019,dialog,
10020,diat,
10021,dich,
10089,dicht,
10090,dick,
10093,die,
12384,dieb,
12386,diek,
12387,dien,
12389,dienstag,
12395,dient,
12397,dies,
12500,diese,
12501,dieselb,
12775,diesmal,
12778,dietmar,
12779,digital,
12780,digitaluhr,
12781,dina,
12782,ding,
12788,diplom,
12789,dir,
12905,direkt,
12933,direktor,
12934,direktorin,
12935,dis,
12936,disco,
12939,disko,
12944,diskothek,
12945,diskussion,
12950,diskuti,
12954,diskutiert,
12959,dissch,
12960,distanz,
12962,ditt,
12963,dium,
12964,dıe,
12965,dje,
12966,dlass,
12967,dle,
12968,dles,
12969,doch,
13031,doktor,
13038,doktorin,
13039,dokument,
13042,dollar,
13043,dom,
13044,donau,
13045,donn,
13047,donnerstag,
13049,donnert,
13051,doppel,
13052,doppelbett,
13053,doppelklick,
13054,doppelt,
13055,doppelzimm,
13061,dopular,
13062,dorf,
13073,dort,
13099,dorth,
13100,dorthin,
13104,dortmund,
13105,dos,
13109,dositiv,
13110,dpark,
13111,dparki,
13112,dparkiert,
13113,dra,
13114,dran,
13115,drauss,
13135,dreck,
13138,dreh,
13141,dreht,
13144,drei,
13194,dreijahr,
13195,dreimal,
13200,dreissig,
13201,dreiundzwanz,
13202,dreizimmerwohn,
13203,dresd,
13204,drin,
13205,dringend,
13211,drinn,
13216,dritt,
13222,drog,
13224,drogeri,
13225,drub,
13233,druck,
13261,druckt,
13266,dser,
13267,duc,
13268,duchstablert,
13269,duk,
13270,dumm,
13277,dung,
13278,dunk,
13279,dunkel,
13285,dunkelblau,
13286,dunkeln,
13287,dunkl,
13288,dunn,
13294,durch,
13319,durcheinand,
13321,durchsag,
13326,durchschnitt,
13330,durf,
13358,durft,
13359,durst,
13365,durstig,
13366,dus,
13367,dusch,
13382,duscht,
13384,duu,
13387,duz,
13388,duziert,
13389,duzt,
13391,eaieel,
13392,eajrggerg,
13393,eanrr,
13394,eba,
13395,eben,
13400,ebenfall,
13401,ebenso,
13402,ebor,
13403,eburtstag,
13404,echt,
13409,eck,
13433,eckig,
13435,eden,
13436,eeitt,
13437,een,
13438,eencpt,
13439,éetrsteht,
13440,egal,
13447,eglaubt,
13448,egrund,
13449,egt,
13450,ehe,
13454,ehefrau,
13458,ehemann,
13461,ehen,
13462,ehepaar,
13463,ehepartn,
13464,eher,
13466,ehor,
13467,ehort,
13468,ehrlich,
13471,ehtan,
13472,eib,
13473,eichy,
13474,eig,
13482,eigent,
13488,eign,
13489,eignet,
13491,eil,
13494,eilig,
13499,eilt,
13501,ein,
14067,einatm,
14068,einbahnstrass,
14069,einbrech,
14074,einbrecherin,
14075,einbruch,
14076,eindeut,
14078,eindruck,
14923,einerseit,
14925,einfach,
14946,einfahrt,
14949,einfall,
14952,einfluss,
14953,einfug,
14954,einfuhr,
14956,eingang,
14965,eing,
14966,eingebroch,
14967,eingefall,
14968,eingefugt,
14969,eingefuhrt,
14970,eingekauft,
14971,eingelad,
14973,eingenomm,
14974,eingepackt,
14976,eingerichtet,
14980,eingeschaltet,
14981,eingeschlaf,
14982,eingeschloss,
14983,eingesetzt,
14984,eingestellt,
14985,eingestieg,
14986,eingetrag,
14988,eingetret,
14989,eingezahlt,
14990,eingezob,
14991,eingezog,
14992,einheit,
14994,einhundert,
14995,einig,
15003,einigt,
15005,einkauf,
15022,einkaufslist,
15023,einkaufszentrum,
15024,einkomm,
15026,einlad,
15046,einmal,
15086,einnahm,
15088,einnehm,
15091,einpack,
15094,einpark,
15095,einricht,
15100,einsam,
15101,einschalt,
15103,einschaltet,
15104,einschliess,
15105,einschreib,
15106,einsetz,
15107,einsteig,
15113,einstein,
15114,einstell,
15115,eintrag,
15117,eintret,
15118,eintritt,
15133,eintrittskart,
15134,einverstand,
15144,einwohn,
15145,einwohnerin,
15146,einzahl,
15148,einzel,
15151,einzelkind,
15152,einzeln,
15156,einzelzimm,
15162,einzieh,
15165,einzig,
15168,eis,
15177,eisenbahn,
15178,eiwiii,
15179,elamat,
15180,elch,
15181,ele,
15182,elegant,
15184,elektr,
15186,elektro,
15187,elektrogerat,
15188,elektrogeschaft,
15189,elektroherd,
15190,elektroingenieur,
15191,elektron,
15192,elf,
15193,eln,
15194,elt,
15220,elternvertret,
15221,eltlfabrl,
15222,eltvill,
15223,emburo,
15224,eme,
15225,emen,
15226,emil,
15227,emilia,
15228,empfahl,
15229,empfang,
15240,empfangt,
15241,empfehl,
15248,empfiehlt,
15249,empfing,
15250,empfohl,
15251,emverstand,
15252,end,
15272,endet,
15280,endgult,
15284,endlich,
15297,endspiel,
15298,ener,
15299,energi,
15302,eng,
15309,england,
15310,englisch,
15314,englischkur,
15315,enkel,
15316,enkelin,
15317,enn,
15318,enntmss,
15319,ens,
15320,ent,
15321,entdeck,
15322,entdeckt,
15325,entfern,
15326,entfernt,
15332,entgeg,
15333,entgegengekomm,
15334,entgegenkomm,
15335,enthalt,
15339,entlang,
15340,entlass,
15343,entlasst,
15345,entliess,
15346,entscheid,
15349,entscheidet,
15353,entschied,
15356,entschliess,
15357,entschliesst,
15358,entschloss,
15362,entschluss,
15363,entschuldi,
15364,entschuld,
15375,entschuldigt,
15401,entsorg,
15402,entsorgt,
15404,entspann,
15405,entstand,
15407,entsteh,
15408,entsteht,
15409,enttausch,
15411,enttauscht,
15415,entwed,
15418,entwickeln,
15419,entwickelt,
15423,entwickl,
15425,enzo,
15426,eper,
15427,erbzum,
15428,erdapfel,
15430,erdbeergeschmack,
15431,erd,
15434,erdgeschoss,
15440,ereign,
15441,ereignet,
15443,ereignis,
15446,eren,
15447,erfahr,
15450,erfahrt,
15456,erfand,
15457,erfind,
15458,erfindet,
15460,erfolg,
15464,erfolgreich,
15467,erford,
15470,erfordert,
15473,erfuhr,
15474,erfull,
15476,erfullt,
15478,erfund,
15479,erganz,
15480,erganzt,
15482,ergebnis,
15491,ergeschoss,
15492,erhalt,
15499,erhielt,
15500,erhoh,
15501,erhoht,
15507,erhol,
15508,erholt,
15513,erichtet,
15514,erinn,
15519,erinnerst,
15520,erinnert,
15524,erinner,
15526,erkalt,
15528,erkaltet,
15549,erkannt,
15553,erkenn,
15555,erkennt,
15556,erklar,
15566,erklart,
15573,erkund,
15575,erkundigt,
15578,erlau,
15579,erlaub,
15582,erlaubnis,
15584,erlaubt,
15599,erlauhbt,
15600,erleb,
15601,erlebnis,
15602,erlebt,
15605,erled,
15607,erledigt,
15610,erleicht,
15611,erleichtert,
15615,ermass,
15620,ern,
15621,ernahr,
15623,ernahrt,
15627,ernst,
15629,ernsthaft,
15630,ernt,
15631,eroffn,
15633,eroffnet,
15639,err,
15640,erreich,
15650,erreicht,
15656,ersatz,
15657,erscheint,
15658,erschi,
15659,erschopft,
15660,erschrak,
15661,erschreck,
15662,erschreckt,
15665,erschrickt,
15666,erschrock,
15668,ersetz,
15670,ersetzt,
15672,erst,
15720,erstell,
15721,erstellt,
15737,ert,
15738,erwachs,
15747,erwart,
15750,erwartet,
15754,erweitert,
15755,erzahl,
15764,erzahlt,
15775,erzieh,
15776,erzieht,
15778,erzog,
15780,esen,
15781,esist,
15782,ess,
15906,essensausgab,
15908,essig,
15909,esstisch,
15910,etag,
15912,etc,
15913,etrsucht,
15914,ett,
15915,etwa,
15923,etwas,
16021,euch,
16034,euer,
16036,eufht,
16037,eur,
16043,euro,
16108,europa,
16110,eut,
16111,euuro,
16112,eva,
16117,evd,
16118,eventuel,
16119,eventuell,
16120,ever,
16121,ewg,
16122,ewig,
16123,expert,
16124,export,
16126,exportabteil,
16127,extra,
16130,extr,
16131,fabrik,
16133,fach,
16138,fachfrau,
16139,fachleut,
16140,fachmann,
16141,faer,
16142,fah,
16143,fahig,
16145,fahr,
16156,fahrbahn,
16268,fahrerin,
16269,fahrgeld,
16270,fahrkart,
16289,fahrkartenautomat,
16290,fahrkartenkontroll,
16291,fahrplan,
16295,fahrrad,
16316,fahrradfahr,
16317,fahrschein,
16318,fahrst,
16325,fahrstuhl,
16326,fahrt,
16377,fahrtkost,
16378,fahrzeug,
16379,fair,
16380,faktor,
16381,fall,
16395,fallig,
16397,fallt,
16407,falsch,
16422,fami,
16423,famil,
16424,famili,
16463,familienangehor,
16464,familienfei,
16465,familiennam,
16470,familienstand,
16475,familientreff,
16476,famill,
16477,fan,
16478,fand,
16481,fang,
16484,fangt,
16494,fantasi,
16496,fantast,
16500,farb,
16512,farbig,
16514,farbstift,
16515,fark,
16516,fas,
16517,faschiert,
16519,fasching,
16522,fasnacht,
16523,fasnachtsumzusg,
16524,fass,
16525,fasst,
16527,fast,
16545,faul,
16549,faulenz,
16550,faulenzt,
16552,fauteuil,
16554,fax,
16556,februar,
16557,fehl,
16561,fehlend,
16576,fehlt,
16601,feier,
16603,feierab,
16606,feiern,
16615,feiert,
16616,feiertag,
16623,feilertag,
16624,feld,
16625,fel,
16626,felertag,
16627,felix,
16628,fenst,
16654,fentlicht,
16655,feri,
16672,ferienapartment,
16673,ferienjob,
16674,ferienwohn,
16675,fern,
16679,fernbedien,
16681,ferngeseh,
16682,fernsehapparat,
16683,fernseh,
16714,fernsehkanal,
16715,fernzuseh,
16716,ferti,
16717,fertig,
16747,fertigzumach,
16748,fest,
16786,festgehalt,
16787,festgelegt,
16788,festgenomm,
16789,festgesetzt,
16790,festgestand,
16791,festgestellt,
16792,festhalt,
16793,festival,
16794,festleg,
16795,festnehm,
16796,festnetztelefon,
16797,festplatt,
16798,festsetz,
16799,feststeh,
16800,feststell,
16801,fetrtlg,
16802,fett,
16808,fettarm,
16810,feucht,
16812,feu,
16817,feueralarm,
16818,feuerwehr,
16819,feuerwehrmann,
16820,feuerzeug,
16822,fieb,
16833,fiel,
16837,figur,
16839,film,
16896,filugzeug,
16897,finanziell,
16899,finanzi,
16900,finanziert,
16902,find,
16980,findet,
16993,fing,
16996,fingernag,
16997,fiojek,
16998,firma,
17038,firm,
17039,firmeneroffn,
17040,fisch,
17051,fit,
17057,fitness,
17058,fiug,
17059,flach,
17062,flasch,
17076,fleck,
17077,fleis,
17078,fleisch,
17099,fleischhau,
17100,fleischhauerin,
17101,fleissig,
17106,flexibel,
17107,flieg,
17115,fliegt,
17117,flieh,
17118,flieht,
17119,fliess,
17120,fliessend,
17122,fliesst,
17123,flng,
17124,floh,
17125,flohmarkt,
17127,florian,
17128,floss,
17129,flot,
17131,flsj,
17132,flucht,
17134,flug,
17140,flughaf,
17152,flugzeug,
17163,flur,
17166,fluss,
17172,flussig,
17173,fmqs,
17174,folg,
17180,folgend,
17185,folgt,
17187,ford,
17189,fordert,
17197,forder,
17200,for,
17201,form,
17202,formular,
17218,forsch,
17219,forschung,
17221,fort,
17224,fortbild,
17225,fortgesetzt,
17226,fortschritt,
17229,fortsetz,
17231,forum,
17232,fot,
17233,foto,
17243,fotoapparat,
17248,fotograf,
17249,fotografi,
17252,fotografiert,
17256,fotografin,
17257,fotos,
17260,frag,
17300,fragt,
17303,francesco,
17304,francescos,
17305,franco,
17306,frankfurt,
17330,frankreich,
17334,franzos,
17335,frass,
17336,frau,
17420,frazgt,
17421,fre,
17422,frech,
17423,frei,
17449,freiburg,
17452,freien,
17453,freihalt,
17454,freiheit,
17455,freitag,
17460,freiwill,
17461,freizeit,
17465,freizeitaktiv,
17466,frel,
17471,freli,
17472,fremd,
17479,fremdsprach,
17481,fress,
17485,freud,
17488,freu,
17494,freund,
17533,freundin,
17560,freundlich,
17571,freundschaft,
17572,freut,
17576,fried,
17578,frier,
17579,friert,
17580,frisch,
17593,friseur,
17596,friseurin,
17598,frisst,
17599,frist,
17600,frisur,
17601,frit,
17608,froh,
17614,frohlich,
17616,fror,
17617,frucht,
17621,fruh,
17636,fruhdien,
17650,fruhling,
17651,fruhstuck,
17681,fruhstuckt,
17683,fst,
17684,fugt,
17686,fuhl,
17696,fuhlt,
17698,fuhr,
17703,fuhrerausweis,
17705,fuhrerschein,
17714,fuhrerscheinpruf,
17715,fuhrt,
17724,fuhrung,
17730,full,
17735,fullt,
17737,fun,
17738,fundburo,
17739,fund,
17740,fundsach,
17741,funf,
17772,funft,
17773,funfundzwanz,
17774,funfzehn,
17775,funfzig,
17781,funktion,
17782,funktioni,
17783,funktioniert,
17789,fur,
18114,furchtbar,
18119,furcht,
18120,furchtet,
18123,fuss,
18140,fussball,
18157,fussballfan,
18158,fussballmannschaft,
18159,fussballspi,
18160,fussballspiel,
18164,fussballteam,
18165,fussballtrainin,
18166,fussballtraining,
18167,fussgang,
18168,fussgangerin,
18169,fussgangerzon,
18171,futt,
18172,futtert,
18174,fuuhr,
18175,fuuss,
18176,gab,
18196,gabel,
18201,galeri,
18202,galt,
18203,gang,
18210,ganz,
18324,gar,
18338,garag,
18343,garanti,
18346,garantiert,
18348,garcia,
18349,garderob,
18351,gart,
18372,gas,
18375,gast,
18391,gastgeb,
18392,gasthaus,
18393,gaststatt,
18394,gbt,
18395,geachtet,
18396,geandert,
18402,geant,
18403,geantwortet,
18404,gearbeitet,
18409,geargert,
18411,geatmet,
18412,geback,
18416,gebadet,
18417,gebastelt,
18419,gebaud,
18425,gebaut,
18427,geb,
18475,gebet,
18476,gebiet,
18478,gebirg,
18479,gebiss,
18480,geblieb,
18487,geblitzt,
18488,gebluht,
18489,geblutet,
18490,gebor,
18502,gebot,
18503,gebracht,
18507,gebrannt,
18509,gebrat,
18511,gebrauch,
18512,gebrauchsanweis,
18513,gebraucht,
18521,gebrem,
18522,gebroch,
18530,gebucht,
18535,gebuhr,
18537,geburt,
18541,geburtsdatum,
18542,geburtsjahr,
18544,geburtsort,
18546,geburtstag,
18582,geburtstagsfei,
18583,geburtstagsparty,
18584,geburtstagst,
18585,geburtstas,
18586,gechattet,
18587,gedacht,
18590,gedank,
18594,gedankt,
18595,gedauert,
18597,gedavuert,
18598,gedicht,
18599,gedient,
18600,gedonnert,
18601,gedreht,
18602,gedruckt,
18604,geduld,
18605,gedurft,
18606,geduscht,
18607,geduzt,
18608,geehrt,
18613,geeignet,
18615,geeilt,
18616,geeinigt,
18617,geendet,
18618,geéproch,
18619,gefahr,
18637,gefall,
18658,gefallt,
18683,gefang,
18685,gefangnis,
18686,gefasst,
18689,gefaulenzt,
18690,gefehlt,
18691,gefeiert,
18694,gefelert,
18695,gefiel,
18696,geflog,
18699,gefloh,
18700,gefloss,
18701,gefolgt,
18702,gefordert,
18704,gefragt,
18707,gefress,
18708,gefreut,
18712,gefror,
18713,gefruhstuckt,
18716,gefuhl,
18717,gefuhlt,
18718,gefuhrt,
18719,gefund,
18729,gefurchtet,
18730,gefuttert,
18731,gegang,
18749,gegeb,
18758,geg,
18791,gegend,
18795,gegensatz,
18797,gegenstand,
18799,gegenteil,
18804,gegenub,
18810,gegess,
18819,geglaubt,
18820,gegn,
18821,gegnerin,
18822,gegnllt,
18823,gegolt,
18824,gegoss,
18825,gegriff,
18826,gegrillt,
18827,gegrundet,
18828,gegrusst,
18829,geguckt,
18830,geh,
18835,gehabt,
18838,gehagelt,
18839,gehalt,
18844,gehandelt,
18845,gehang,
18846,gehangt,
18849,gehasst,
18895,geheim,
18896,geheimnis,
18898,geheiratet,
18904,geheiss,
18905,geheizt,
19038,gehob,
19039,gehofft,
19040,geholf,
19048,geholt,
19050,gehor,
19052,gehort,
19078,gehst,
19083,gehsteig,
19085,geht,
19185,gehupt,
19186,gehustet,
19188,geig,
19189,geirrt,
19191,gejoggt,
19192,gekampft,
19193,gekannt,
19194,gekauft,
19224,geklagt,
19225,geklappt,
19233,geklart,
19234,geklebt,
19235,geklettert,
19237,geklickt,
19238,geklingelt,
19241,geklopft,
19242,geklung,
19243,gekocht,
19245,gekom,
19246,gekomm,
19260,gekonnt,
19261,gekostet,
19266,gekriegt,
19268,gekummert,
19269,gekundigt,
19275,gekusst,
19276,gelachelt,
19277,gelacht,
19284,gelandet,
19286,gelang,
19287,gelangweilt,
19288,gelass,
19293,gelauf,
19297,gelb,
19300,geld,
19349,geldautomat,
19352,geldbors,
19357,geldschein,
19358,geldstraf,
19359,gelebt,
19361,geleg,
19364,gelegt,
19366,geleistet,
19367,geleitet,
19368,gelernt,
19374,geles,
19386,gelesgn,
19387,geliebt,
19388,geliefert,
19389,gelieh,
19391,geling,
19392,gelingt,
19393,gelitt,
19394,gelobt,
19395,gelog,
19397,gelohnt,
19398,geloscht,
19399,gelost,
19400,gelt,
19401,gelung,
19402,gem,
19403,gemacht,
19438,gemalt,
19441,gemeinsam,
19443,gemeinschaft,
19445,gemeint,
19447,gemeldet,
19449,gemerkt,
19451,gemess,
19452,gemietet,
19460,gemischt,
19462,gemocht,
19465,gemus,
19476,gemusehandl,
19477,gemusesupp,
19478,gemusst,
19479,gemut,
19483,genahert,
19484,genaht,
19485,genannt,
19487,genau,
19503,genauso,
19505,genauu,
19506,genavu,
19507,genblick,
19508,genehm,
19509,genehmigt,
19512,generation,
19514,geniess,
19515,geniesst,
19516,genomm,
19522,genoss,
19524,genug,
19536,genugt,
19540,genutzt,
19543,geoffnet,
19555,geooffnet,
19556,geordnet,
19557,georg,
19558,georgi,
19559,gepack,
19571,gepackt,
19574,geparkt,
19576,gepasst,
19577,gepflanzt,
19578,gepflegt,
19579,geplant,
19583,gepruft,
19585,geputzt,
19587,gerad,
19629,geradé,
19630,geradeaus,
19635,gerannt,
19636,gerat,
19647,geraucht,
19649,gerausch,
19650,gerechnet,
19652,gerecht,
19653,geredet,
19655,geregelt,
19656,geregnet,
19666,gereicht,
19667,gereinigt,
19668,gereist,
19669,gerettet,
19670,gericht,
19675,gerichtssaal,
19676,gering,
19679,geritt,
19680,gern,
19826,geroch,
19827,geruf,
19830,gesagt,
19842,gesammelt,
19843,gesamt,
19845,gesamtgewicht,
19846,gesamtsumm,
19847,gesandt,
19848,geschadet,
19849,geschafft,
19850,geschaft,
19876,geschaftsmann,
19877,geschaftspartn,
19878,geschaftsreis,
19879,geschah,
19880,geschaltet,
19881,geschatzt,
19882,geschaut,
19883,gescheh,
19885,geschenk,
19901,geschenkt,
19903,geschicht,
19917,geschickt,
19922,geschied,
19926,geschieht,
19927,geschi,
19928,geschimpft,
19930,geschirr,
19935,geschlaf,
19940,geschlag,
19941,geschlecht,
19942,geschlos,
19943,geschloss,
19962,geschmack,
19963,geschmeckt,
19966,geschminkt,
19967,geschneit,
19971,geschnitt,
19976,geschob,
19977,geschoss,
19978,geschrieb,
19986,geschri,
19987,geschuttelt,
19988,geschutzt,
19989,geschvvbmm,
19990,geschwieg,
19991,geschwind,
19994,geschwindigkeitsbeschrank,
19995,geschwist,
19999,geschwitzt,
20000,geschwomm,
20001,geseh,
20031,gesellschaft,
20033,gesendet,
20034,gesess,
20035,gesetz,
20036,gesetzt,
20037,gesetzz,
20038,gesichert,
20039,gesicht,
20045,gesiegt,
20046,gesiezt,
20047,gesollt,
20048,gesorgt,
20049,gespannt,
20050,gespar,
20051,gespart,
20052,gespeichert,
20055,gespielt,
20061,gesprach,
20071,gesproch,
20080,gesprung,
20082,gespult,
20083,gespurt,
20084,gespuult,
20085,gestammt,
20086,gestand,
20087,gestartet,
20088,gestattet,
20089,gestaubsaugt,
20090,gesteckt,
20091,gestellt,
20097,gest,
20137,gestieg,
20142,gestimmt,
20143,gestoch,
20144,gestohl,
20149,gestoppt,
20150,gestorb,
20155,gestort,
20156,gestoss,
20157,gestreikt,
20158,gestritt,
20160,gestunk,
20161,gesturzt,
20163,gesucht,
20166,gesund,
20179,gesundhat,
20187,gesundhelt,
20188,gesung,
20189,gesunk,
20192,gesurft,
20193,getan,
20197,getankt,
20198,getanzt,
20200,getaucht,
20201,getauscht,
20202,geteilt,
20203,getestet,
20204,getippt,
20205,getrag,
20206,getrank,
20214,getrankeautomat,
20215,getrankekart,
20216,getraumt,
20219,getrennt,
20225,getret,
20227,getrieb,
20228,getrocknet,
20230,getroff,
20235,getrunk,
20236,geubt,
20237,gewachs,
20238,gewahlt,
20244,gewalt,
20246,gewandert,
20247,gewann,
20248,gewarnt,
20249,gewartet,
20252,gewasch,
20255,gewechselt,
20256,geweckt,
20257,geweesenn,
20258,geweigert,
20259,geweint,
20260,gewendet,
20261,gewerkschaft,
20262,gewes,
20272,gewettet,
20273,gewicht,
20278,gewinkt,
20279,gewinn,
20286,gewinnspiel,
20287,gewinnt,
20290,gewirkt,
20291,gewischt,
20292,gewiss,
20293,gewitt,
20300,gewog,
20301,gewohn,
20305,gewohnt,
20319,gewollt,
20320,gewon,
20321,gewonn,
20334,gewoohnt,
20335,geword,
20347,geworf,
20348,gewundert,
20349,gewunscht,
20350,gewurz,
20352,gewusst,
20354,gezahlt,
20356,gezeichnet,
20357,gezeigt,
20358,gezeltet,
20359,gezeyichnet,
20360,gezog,
20363,gezweifelt,
20364,gezwung,
20365,gghe,
20366,ggmbsi,
20367,gib,
20374,gibst,
20376,gibt,
20519,giess,
20521,giesst,
20522,gift,
20524,giftig,
20526,gilt,
20530,ging,
20537,girokonto,
20538,gitarr,
20543,glac,
20546,glas,
20577,glatt,
20579,glaub,
20607,glaubt,
20611,glbt,
20612,gleich,
20671,gleichberechtigt,
20674,gleichfall,
20677,gleichzeit,
20678,gleis,
20685,gluck,
20698,glucklich,
20705,gluckwunsch,
20715,goemh,
20717,goeth,
20746,goethestrass,
20749,gold,
20751,golf,
20752,golfspiel,
20753,gomez,
20754,gonzalez,
20756,gott,
20760,grad,
20763,grafik,
20764,gramm,
20765,grammatikub,
20766,gras,
20767,gratis,
20769,gratuhert,
20770,gratulation,
20771,gratuli,
20776,gratuliert,
20779,greif,
20780,greift,
20781,grenz,
20783,gressan,
20784,griff,
20785,gril,
20786,grill,
20795,grilli,
20797,grilliert,
20799,grillt,
20801,grins,
20802,gripp,
20812,gross,
20873,grosselt,
20914,grossmutt,
20925,grosst,
20928,grossvat,
20931,grun,
20936,grund,
20939,grundet,
20941,grundlich,
20943,grundstuck,
20947,grupp,
20952,gruss,
20969,grusst,
20971,guck,
20973,guckt,
20975,gultig,
20982,gunstig,
20997,gut,
21225,guultig,
21226,guunstig,
21227,gveicp,
21228,gymnasium,
21230,gymnast,
21231,haanysdausmach,
21232,haar,
21251,hab,
22092,habenhstlf,
22093,habt,
22098,hackfleisch,
22100,had,
22101,haf,
22103,hageln,
22104,hagelt,
22106,hahnch,
22113,halb,
22125,halbpension,
22129,halbtag,
22130,halbtagsbeschaft,
22131,half,
22132,halft,
22137,hall,
22142,hallenbad,
22143,hallo,
22150,hal,
22155,halsschmerz,
22157,halt,
22174,haltbar,
22183,haltestell,
22194,hamburg,
22213,hamm,
22215,hand,
22223,handarbeit,
22232,handel,
22233,handeln,
22234,handelt,
22237,handl,
22238,handlerin,
22239,handtasch,
22242,handtuch,
22253,handwerk,
22254,handwerkerin,
22255,handy,
22268,handynumm,
22269,handys,
22270,hang,
22271,hangt,
22283,hann,
22284,hannov,
22285,han,
22291,harea,
22292,harriett,
22293,hart,
22301,has,
22303,hasf,
22304,hass,
22306,hasslich,
22309,hasst,
22311,hast,
22449,hastdu,
22450,hat,
23619,hatt,
23697,haufig,
23699,haupt,
23700,hauptbahnhof,
23706,hauptgewinn,
23707,hauptroll,
23709,hauptstadt,
23711,hauptstrass,
23712,haus,
23773,hausarbeit,
23774,hausarzt,
23775,hausauf,
23776,hausaufgab,
23789,hausbewohn,
23848,hausfrau,
23851,haushalt,
23857,hausmann,
23859,hausmeist,
23863,hausmeisterin,
23864,hausn,
23865,hausnumm,
23868,hausordn,
23869,hausti,
23870,haustur,
23872,haut,
23873,hauus,
23874,heb,
23877,hebt,
23879,hector,
23880,heft,
23882,hei,
23883,heidelb,
23884,heidelberg,
23892,heidrun,
23893,heig,
23894,heim,
23896,heimat,
23901,heimlich,
23902,heimweh,
23903,heint,
23904,heirat,
23907,heiratet,
23912,heiss,
23929,heisst,
23969,heiz,
23971,heizt,
23973,heizung,
23985,held,
23987,heldin,
23988,helf,
24040,hell,
24048,hellblau,
24050,helmut,
24051,hemd,
24057,hen,
24060,hend,
24061,hendl,
24062,hendtf,
24063,hep,
24064,her,
24082,heraus,
24086,herausforder,
24087,herausgefund,
24088,herauskommt,
24089,herberg,
24090,herb,
24098,herd,
24105,herein,
24111,hergestellt,
24112,herkunft,
24113,herr,
24162,herrlich,
24163,herrn,
24174,herrscht,
24175,herstell,
24177,herti,
24178,herunt,
24186,herunterfahr,
24187,heruntergefahr,
24188,heruntergelad,
24189,herunterlad,
24190,herz,
24194,herzhc,
24195,herzlich,
24215,heut,
24424,heutig,
24426,hey,
24427,hielt,
24430,hier,
24658,hierh,
24659,hiess,
24660,hil,
24661,hilf,
24679,hilft,
24680,himmel,
24686,hin,
24695,hinaus,
24696,hinein,
24697,hineingelass,
24698,hing,
24699,hingefall,
24700,hingewies,
24701,hinstell,
24702,hint,
24730,hinterh,
24731,hinterlass,
24734,hinterlasst,
24735,hinterliess,
24736,hinunt,
24737,hinuntersturzt,
24738,hinweis,
24741,histor,
24743,hitz,
24746,hmachtfauf,
24747,hne,
24748,hnin,
24749,hob,
24751,hobbvs,
24752,hobby,
24755,hobbys,
24758,hoch,
24780,hochd,
24781,hochgelad,
24782,hochlad,
24784,hochst,
24785,hochzeit,
24797,hochzeitstermin,
24798,hof,
24799,hoff,
24803,hoffent,
24809,hoffnung,
24811,hofft,
24813,hoflich,
24815,hoh,
24826,hol,
24840,holt,
24844,holz,
24847,holzfussbod,
24848,homepag,
24850,honig,
24851,hor,
24869,horerin,
24870,horerinn,
24871,horst,
24872,hort,
24890,hos,
24903,hot,
24904,hotel,
24932,hotelbar,
24933,hre,
24934,htie,
24935,hub,
24939,hubsch,
24941,hugel,
24943,huhn,
24944,huhnch,
24947,humor,
24949,hund,
24961,hundert,
24963,hung,
24976,hungrig,
24979,hup,
24980,hupt,
24982,hust,
24985,hustet,
24988,hut,
24991,hutt,
24992,ibn,
24993,ibrahim,
24994,ibst,
24995,ice,
24996,ich,
27087,ichholz,
27088,icht,
27090,ideal,
27091,ide,
27096,ieccht,
27097,ieid,
27098,ier,
27099,iert,
27100,ihcgsthatt,
27101,ihm,
27108,ihn,
27219,ihr,
27421,iich,
27432,iihm,
27433,iihn,
27434,iihr,
27435,iim,
27441,iist,
27446,ilf,
27447,ilft,
27448,ill,
27449,illegal,
27450,ilspiel,
27451,ilud,
27452,imbiss,
27454,imm,
27562,immt,
27563,impf,
27564,impfung,
27565,import,
27568,ina,
27569,ind,
27571,individuell,
27572,industri,
27576,ine,
27577,infektion,
27578,information,
27595,informi,
27601,informiert,
27606,infotafel,
27607,infrag,
27608,ing,
27610,ingenieur,
27611,ingt,
27612,inhalt,
27614,inhaltspunkt,
27615,inklusiv,
27617,inland,
27618,inn,
27619,innenstadt,
27622,innerhalb,
27624,ins,
27690,insel,
27694,inserat,
27695,insgesamt,
27696,installi,
27697,installiert,
27699,institut,
27718,instrument,
27721,int,
27722,integration,
27723,integri,
27724,integriert,
27727,intelligent,
27730,intelligenz,
27731,intelligenzt,
27732,intensiv,
27733,intensivkur,
27735,interessant,
27747,interess,
27750,interessi,
27760,interessiert,
27774,interkulturel,
27775,interkulturell,
27776,international,
27783,internet,
27799,internetforum,
27800,internetnutz,
27801,interview,
27805,inventar,
27823,inzwisch,
27826,iot,
27827,irgend,
27828,irgendein,
27830,irgendwann,
27832,irina,
27833,irr,
27834,irrst,
27835,irrt,
27837,ise,
27838,isr,
27839,iss,
27840,isst,
27851,ist,
29306,itali,
29311,itat,
29312,ite,
29313,itnf,
29314,itt,
29315,iud,
29316,iug,
29317,iutt,
29318,ıch,
29319,jaann,
29320,jack,
29340,jahr,
29417,jahreszeit,
29418,jahrhun,
29419,jakob,
29420,jalfurchtbar,
29421,jam,
29422,jana,
29423,janis,
29424,januar,
29425,japan,
29427,jauf,
29428,jaus,
29431,jdn,
29432,jean,
29438,jed,
29498,jederzeit,
29506,jedoch,
29507,jein,
29508,jemal,
29509,jemand,
29521,jennif,
29522,jenny,
29523,jetzt,
29623,jeweil,
29624,jja,
29625,jjed,
29627,jjemand,
29628,jjetzt,
29633,jjung,
29638,job,
29650,jogg,
29652,joggt,
29653,john,
29654,jonas,
29655,jorg,
29656,jos,
29659,journalist,
29660,journalistin,
29661,jrel,
29662,juan,
29663,judith,
29665,jugenad,
29666,jugena,
29667,jugend,
29669,jugendherberg,
29682,juli,
29688,julia,
29691,julla,
29692,jung,
29716,juni,
29723,kaampft,
29724,kabel,
29727,kabin,
29728,kaff,
29729,kaffe,
29781,kaffeehaus,
29782,kaffeemaschin,
29784,kais,
29785,kakao,
29786,kalend,
29790,kalt,
29825,kam,
29836,kamera,
29843,kampf,
29845,kampft,
29847,kanada,
29849,kanal,
29850,kandidat,
29852,kann,
30093,kannch,
30190,kannt,
30191,kantin,
30193,kapitel,
30194,kaputt,
30230,kaputtgeh,
30231,kaputtgemacht,
30232,kaputtmach,
30233,karim,
30234,karl,
30236,karneval,
30239,karott,
30242,karri,
30243,kart,
30279,kartenburo,
30280,kartenspiel,
30281,kartoffel,
30284,kartoffeln,
30298,kas,
30311,kasebrotch,
30312,kass,
30322,kassett,
30323,kast,
30328,katalog,
30329,katarina,
30330,katastroph,
30331,katharina,
30332,katz,
30338,kau,
30339,kauf,
30394,kauferin,
30395,kaufhaus,
30399,kaufmann,
30401,kauft,
30411,kaugummi,
30412,kaum,
30421,kein,
30582,kell,
30587,kelln,
30592,kellnerin,
30594,ken,
30595,kenn,
30623,kennengelernt,
30628,kennenlern,
30643,kennt,
30645,kenntnis,
30647,kennzeich,
30648,kerz,
30650,kett,
30653,kfank,
30654,kiel,
30655,kilo,
30664,kilomet,
30668,kind,
30801,kinderbetreu,
30802,kinderbett,
30803,kindererzieh,
30804,kindergart,
30830,kindheit,
30831,kino,
30852,kinokart,
30853,kinoprogramm,
30854,kiosk,
30861,kirch,
30864,kiss,
30865,kist,
30867,kiu,
30868,kla,
30869,klag,
30870,klagt,
30872,klang,
30873,klapp,
30875,klappt,
30878,klar,
30886,klara,
30889,klart,
30891,klass,
30903,klassenar,
30904,klassenarbeit,
30905,klassenparty,
30906,klassenzimm,
30907,klaus,
30909,klavi,
30919,kleb,
30921,klebt,
30923,klei,
30924,kleid,
30951,kleidung,
30955,klein,
31005,kleingeld,
31013,klett,
31014,klettert,
31016,klick,
31019,klickt,
31021,klima,
31022,klimaanlag,
31023,klingel,
31024,klingeln,
31025,klingelt,
31028,kling,
31029,klingt,
31031,klinik,
31032,klopf,
31033,klopft,
31036,kloss,
31038,klub,
31040,klug,
31046,kmo,
31047,knapp,
31052,kneip,
31054,knie,
31057,knoblauch,
31058,knoch,
31059,knodel,
31062,knopf,
31066,knopfdruck,
31067,koch,
31085,kochend,
31086,kochin,
31087,kocht,
31093,koff,
31111,kolleg,
31135,kollegin,
31142,kollwitzstrass,
31143,koln,
31154,kom,
31155,komik,
31156,komisch,
31164,komm,
31350,kommt,
31441,kommunikation,
31442,komplett,
31444,kompliziert,
31445,kompromiss,
31446,komst,
31447,konferenz,
31450,konfitur,
31451,konflikt,
31453,konig,
31455,konkurrenz,
31457,konn,
31611,konnt,
31636,konsulat,
31637,konsum,
31638,konsumi,
31639,konsumiert,
31642,kontakt,
31646,kontaktdat,
31648,kont,
31649,konto,
31660,kontonumm,
31661,kontroll,
31663,kontrolli,
31670,kontrolliert,
31674,konzent,
31675,konzentri,
31676,konzentriert,
31678,konzert,
31696,kopf,
31701,kopfkiss,
31702,kopfschmerz,
31707,kopi,
31714,korp,
31719,korrekt,
31720,korridor,
31723,korrigi,
31724,korrigiert,
31726,kosmet,
31727,kost,
31745,kostenlos,
31750,kostet,
31782,kostum,
31786,kpnnen,
31787,kraft,
31789,kraftfahrzeug,
31791,kraftig,
31793,kraftwerk,
31794,krank,
31834,krankenhaus,
31853,krankenkass,
31857,krankenpfleg,
31859,krankenschw,
31863,krankenwag,
31865,krankheit,
31870,kreativ,
31872,kredit,
31878,kreditkart,
31880,kreis,
31884,kreuz,
31889,kreuzung,
31897,krieg,
31903,kriegt,
31905,krimi,
31906,kriminal,
31907,kriminalpolizei,
31908,kriminalpolizel,
31909,krimis,
31910,kris,
31911,kritik,
31913,kritisch,
31915,kritisi,
31917,kritisiert,
31919,kti,
31920,kuch,
31959,kuchenmaschin,
31960,kugelschrab,
31961,kugelschreib,
31966,kuh,
31967,kuhl,
31971,kuhlschrank,
31983,kuli,
31984,kulis,
31985,kultur,
31989,kulturell,
31993,kumm,
32004,kummert,
32010,kun,
32011,kund,
32015,kundig,
32017,kundigt,
32021,kundin,
32025,kunst,
32030,kunstl,
32031,kunstlerin,
32032,kunstlich,
32034,kunstmuseum,
32035,kunststoff,
32036,kunz,
32037,kur,
32067,kursbuch,
32068,kurs,
32071,kursgrupp,
32072,kursleit,
32073,kursleiterin,
32074,kurstag,
32075,kurv,
32078,kurz,
32104,kurzg,
32105,kurzlich,
32106,kurzz,
32107,kuss,
32109,kusst,
32111,kust,
32113,kuvert,
32116,laang,
32117,lab,
32118,lacheln,
32119,lachelt,
32121,lach,
32129,lacht,
32133,lad,
32148,ladt,
32153,ladung,
32154,lag,
32161,lamp,
32168,lanchmal,
32169,land,
32205,landet,
32207,landschaft,
32210,landstrass,
32211,landung,
32212,landwirtschaft,
32213,lang,
32303,langeweil,
32304,langsam,
32312,langweil,
32322,langweilt,
32324,langwell,
32325,langzeitstudier,
32326,laptop,
32328,lara,
32329,larm,
32331,lar,
32332,larzt,
32333,las,
32334,lass,
32383,lasst,
32389,last,
32390,lastkraftwag,
32391,lauf,
32405,lauft,
32412,laufwerk,
32413,laun,
32414,laura,
32415,laut,
32437,lautsprech,
32438,lch,
32439,lcht,
32440,lclh,
32441,ldhetr,
32442,leb,
32469,lebenslauf,
32471,lebensmittel,
32476,lebensmitteln,
32477,lebensmittelpreis,
32479,lebt,
32488,leck,
32491,led,
32493,ledig,
32500,leer,
32506,lef,
32507,leg,
32515,legst,
32516,legt,
32519,lehnt,
32521,lehr,
32537,lehrerin,
32545,lehrling,
32546,lehrstell,
32548,leicht,
32560,leid,
32655,leidet,
32658,leidgetan,
32659,leidtun,
32660,leig,
32661,leih,
32669,leiht,
32670,leis,
32681,leist,
32683,leistet,
32685,leistung,
32687,leit,
32690,leiterin,
32691,leitet,
32693,leitung,
32696,leld,
32697,lena,
32698,lénd,
32699,leonid,
32700,ler,
32701,lerin,
32702,lern,
32728,lernerin,
32729,lernt,
32735,les,
32770,leserbrief,
32771,leserin,
32772,leserinn,
32773,letzt,
32803,leut,
32833,lexika,
32834,lexikon,
32835,lich,
32836,licht,
32866,lichtschalt,
32868,lieb,
32921,liebl,
32922,liebling,
32925,lieblingsband,
32926,lieblingsess,
32928,lieblingsfach,
32929,lieblingsfarb,
32931,lieblingsfilm,
32932,lieblingsgemus,
32933,lieblingsgericht,
32934,lieblingsgetrank,
32935,lieblingslied,
32936,lieblingsmannschaft,
32937,lieblingssang,
32938,lieblingsti,
32955,liebt,
32961,lied,
32968,lief,
32976,liefert,
32978,liefer,
32979,lieg,
32988,liegt,
33035,lieh,
33036,lienstand,
33037,lies,
33038,liess,
33041,liest,
33046,lift,
33048,limonad,
33049,lini,
33055,link,
33091,lipp,
33093,lisa,
33100,list,
33105,lit,
33106,literatur,
33107,litt,
33108,lknegksagretteratr,
33109,lkw,
33110,lkws,
33111,llch,
33112,lleb,
33113,llegt,
33114,llkomm,
33115,lll,
33116,lnc,
33117,lob,
33118,lobt,
33120,loch,
33122,lochl,
33123,lock,
33124,loffel,
33127,logisch,
33128,lohn,
33132,lohnerhoh,
33133,lohnt,
33135,lokal,
33143,london,
33144,los,
33150,losch,
33151,loscht,
33157,losfahr,
33160,losgefahr,
33161,losig,
33162,lost,
33164,losung,
33174,lott,
33175,lotto,
33176,lsc,
33177,lucia,
33178,lud,
33179,ludin,
33180,luft,
33185,lug,
33190,lugt,
33192,luigi,
33193,luis,
33194,lung,
33195,lusehumtrana,
33196,lust,
33203,lustig,
33210,maantel,
33211,mach,
33403,machs,
33413,macht,
33469,macn,
33470,madch,
33480,mag,
33507,magazin,
33512,magenschmerz,
33515,magst,
33520,mahlzeit,
33522,mahnung,
33523,mai,
33528,maier,
33529,mail,
33544,mailbox,
33547,main,
33550,mainz,
33553,mal,
33660,malerin,
33661,mali,
33662,mall,
33663,malt,
33668,mama,
33669,man,
33765,manch,
33771,manchmal,
33782,mangel,
33784,mann,
33824,mannheim,
33827,mannlich,
33836,mannn,
33837,mannschaft,
33854,mantel,
33861,mapp,
33862,mar,
33863,march,
33864,margarin,
33865,maria,
33870,marill,
33872,mario,
33873,mark,
33875,markenschuh,
33876,marki,
33879,markiert,
33881,markt,
33897,marla,
33898,marmelad,
33899,marquez,
33900,marz,
33905,maschin,
33912,mass,
33915,mat,
33916,material,
33917,mathemat,
33919,matura,
33921,mau,
33922,maus,
33924,maustast,
33925,mavu,
33926,max,
33927,maximal,
33929,mcht,
33930,mechan,
33933,mechanikerin,
33934,medi,
33935,medika,
33936,medikament,
33952,medizin,
33957,meei,
33958,meen,
33959,meer,
33969,mehl,
33970,mehr,
34070,mehrheit,
34071,mehrwertsteu,
34072,mei,
34073,meier,
34087,mein,
34749,meinetweg,
34752,meint,
34754,meinung,
34772,meist,
34798,meld,
34804,meldet,
34808,meldung,
34809,meln,
34812,mem,
34813,men,
34817,meng,
34825,mensa,
34826,mensch,
34844,menschlich,
34845,ment,
34846,menu,
34847,mer,
34850,merced,
34851,merk,
34855,merkt,
34857,merkwurd,
34859,mert,
34860,mess,
34863,messeplatz,
34872,metall,
34874,met,
34879,method,
34880,metropol,
34882,metzg,
34884,mey,
34887,mgssen,
34888,mich,
35091,michael,
35095,michaela,
35096,michel,
35097,miet,
35113,mieterin,
35114,mietet,
35116,mietvertrag,
35117,migrant,
35119,migrantin,
35120,migration,
35121,milch,
35139,mild,
35141,million,
35142,mind,
35143,mindest,
35150,mineral,
35151,mineralwass,
35156,minimal,
35158,minist,
35159,minut,
35198,mio,
35199,mir,
35594,mirko,
35595,misch,
35596,mischt,
35598,miss,
35599,misserfolg,
35600,misst,
35601,misstrau,
35602,missverstand,
35603,missverstandnis,
35604,mit,
35935,mitarbeit,
35940,mitarbeiterin,
35942,mitbring,
35949,mitdiskuti,
35950,miteinand,
35951,mitfahr,
35952,mitg,
35953,mitgeb,
35954,mitgebracht,
35955,mitgeteilt,
35956,mitglied,
35959,mitgliedsausweis,
35960,mitgliedsbeitrag,
35961,mitkomm,
35963,mitmach,
35964,mitnehm,
35969,mitspiel,
35971,mittag,
35973,mittagess,
35982,mittagspaus,
35983,mitt,
35993,mitteil,
35994,mittel,
36007,mittl,
36009,mittlerweil,
36010,mittwochab,
36011,mittwoch,
36012,mmach,
36013,mmacht,
36014,mmein,
36015,mmen,
36016,mmer,
36017,mmmanch,
36018,mmmanchmal,
36019,mmmog,
36020,mmmuss,
36021,mmoglich,
36022,mmten,
36023,mmuss,
36024,mmuuss,
36026,mnot,
36027,mobel,
36039,mobelfirma,
36040,mobil,
36043,mobilbox,
36044,mobilitat,
36045,mobiltelefon,
36047,mobliert,
36050,mocet,
36051,mocht,
36279,mochtet,
36280,modalverb,
36285,mod,
36290,modell,
36296,modern,
36299,modul,
36300,mog,
36301,moglich,
36312,moglicherweis,
36319,mohamed,
36320,mohr,
36323,molly,
36324,moment,
36348,monat,
36371,monats,
36372,mond,
36373,mone,
36374,monitor,
36375,monnnail,
36376,monopoly,
36377,montag,
36387,morg,
36482,morgenn,
36490,motor,
36495,motorrad,
36497,motorroll,
36499,mount,
36500,mrpen,
36501,muck,
36502,mud,
36512,muh,
36516,mull,
36527,mullabfuhr,
36563,mullsack,
36564,mulltonn,
36565,munch,
36585,munchn,
36586,mund,
36592,mundlich,
36594,mun,
36595,munz,
36597,muse,
36598,museum,
36604,musik,
36630,musikal,
36632,musikanlag,
36635,musikerin,
36636,musikgrupp,
36637,musikinstrument,
36638,musikkassett,
36639,musikunterricht,
36640,musili,
36641,muskel,
36642,muskeln,
36643,musli,
36644,muss,
36939,musss,
36940,musst,
36995,mut,
36997,mutig,
36998,mutt,
37018,muttersprach,
37020,mutz,
37022,muuesli,
37023,muuss,
37024,mwas,
37025,mwer,
37026,mwir,
37031,naach,
37032,nac,
37033,nach,
37174,nachbar,
37188,nachbarin,
37195,nachbarland,
37196,nachbarn,
37214,nachbarschul,
37215,nachd,
37217,nachdenk,
37218,nachfrag,
37219,nachgedacht,
37220,nachgeschlag,
37221,nachh,
37222,nachhilf,
37223,nachmittag,
37225,nachnam,
37226,nachricht,
37243,nachschau,
37244,nachschlag,
37246,nachseh,
37247,nachsend,
37248,nachspeis,
37323,nacht,
37334,nachteil,
37335,nachtisch,
37337,nachwuch,
37339,nacn,
37340,nacndamn,
37341,nad,
37342,nadel,
37343,nadin,
37344,nagel,
37346,nah,
37360,nahert,
37363,nahm,
37371,nahrungsmittel,
37372,naht,
37375,nam,
37396,namlich,
37397,nancy,
37398,nannt,
37399,nas,
37400,nasentropf,
37401,nass,
37405,nat,
37411,natascha,
37412,national,
37414,nationalmannschaft,
37415,natur,
37426,nderfghul,
37427,nea,
37428,nebel,
37431,neb,
37442,nebenan,
37446,nebenbei,
37447,nebli,
37448,neblig,
37451,nee,
37452,neeu,
37453,neff,
37455,negativ,
37456,nehm,
37520,nein,
37579,nel,
37580,nelf,
37581,nen,
37686,nend,
37687,nenn,
37690,nennt,
37693,ner,
37694,nerv,
37696,nervenkrank,
37697,nervos,
37702,ness,
37703,nessrin,
37704,netr,
37705,nett,
37727,netz,
37730,netzwerk,
37732,neu,
37743,neubauwohn,
37857,neugier,
37858,neuig,
37860,neul,
37861,neulich,
37862,neun,
37864,neuschwanstein,
37865,neuss,
37866,neuvu,
37867,nev,
37876,nevu,
37880,new,
37881,nicht,
38513,nichtrauch,
38514,nichtraucherbereich,
38515,nichtraucherin,
38516,nichtraucherzimm,
38577,nick,
38578,nickt,
38579,nie,
38597,niedrig,
38601,niemal,
38602,nieman,
38603,niemand,
38613,nikos,
38614,nimm,
38620,nimmt,
38632,nina,
38633,nirgend,
38638,nirgendwo,
38639,nıcht,
38640,nler,
38641,nme,
38642,nne,
38643,nneu,
38644,noch,
38968,nochmal,
38974,nord,
38976,norddeutsch,
38977,nordse,
38978,normal,
38985,normalerweis,
38987,not,
38988,notaufnahm,
38989,notausgang,
38998,notfall,
39000,noti,
39003,notiert,
39006,notig,
39010,notiz,
39013,notizzettel,
39014,notruf,
39015,notwend,
39018,nst,
39019,ntschulfiaung,
39020,nudel,
39021,nudeln,
39024,null,
39026,num,
39027,numm,
39052,nun,
39056,nung,
39057,nur,
39190,nurem,
39191,nutz,
39192,nutzlich,
39195,nutzt,
39199,nuutz,
39200,oarur,
39201,oben,
39210,ober,
39222,oberst,
39223,oberweg,
39224,obst,
39234,obwohl,
39237,ode,
39238,oder,
39318,oelt,
39319,ofaucnl,
39320,ofen,
39323,off,
39334,offenbach,
39335,offenbar,
39337,offent,
39343,offiziell,
39345,offn,
39365,offnet,
39367,oft,
39411,ohn,
39437,ohr,
39439,ohrenschmerz,
39440,oht,
39441,oig,
39442,oko,
39443,okolad,
39444,okolog,
39446,okostrom,
39447,oktob,
39448,ole,
39449,oleg,
39450,olen,
39451,oliv,
39452,oltt,
39453,oma,
39459,omat,
39460,omi,
39461,omms,
39462,onkel,
39466,onlin,
39469,onn,
39470,opa,
39473,opel,
39474,oper,
39477,operation,
39479,operi,
39480,operiert,
39482,opern,
39483,opf,
39484,oportplalz,
39485,optimist,
39486,orang,
39490,orch,
39491,ordent,
39493,ordination,
39498,ordn,
39500,ordnet,
39502,ordnung,
39511,oren,
39512,organisation,
39516,organisi,
39519,organisiert,
39528,original,
39531,orstellenl,
39532,ort,
39542,orterbu,
39543,oskar,
39544,ost,
39545,osterreich,
39548,osteuropa,
39549,ostse,
39551,ozean,
39552,ozg,
39553,paar,
39585,pack,
39586,packch,
39592,packt,
39597,packung,
39599,paket,
39611,pakt,
39612,pamela,
39615,pann,
39617,papi,
39635,paradeis,
39636,parall,
39637,parallel,
39638,parfum,
39642,paris,
39644,park,
39653,parkeg,
39669,parki,
39671,parkiert,
39672,parkplatz,
39674,parkt,
39676,parlament,
39677,partei,
39679,partn,
39682,partnerin,
39686,partnert,
39687,party,
39715,pascal,
39716,pass,
39741,passagi,
39743,passagierin,
39745,passi,
39746,passiert,
39764,passiv,
39765,passkontroll,
39766,passt,
39783,passwort,
39787,pasta,
39788,patient,
39789,patientin,
39790,paul,
39797,pauschal,
39798,paus,
39811,pdasst,
39812,pech,
39815,pedro,
39816,peinlich,
39818,pen,
39820,pension,
39829,pensioniert,
39830,pensionist,
39831,pensionistin,
39832,per,
39836,perfekt,
39837,permarkt,
39838,perron,
39840,perserteppich,
39841,person,
39846,personal,
39848,personali,
39851,personenstand,
39858,pet,
39867,petra,
39868,pfann,
39872,pfeff,
39873,pferd,
39875,pflanz,
39882,pflanzt,
39884,pflast,
39887,pflaum,
39889,pflaumenkuch,
39890,pfleg,
39892,pflegerin,
39893,pflegt,
39895,pflicht,
39896,pfraum,
39897,pfund,
39898,phantasi,
39900,picasso,
39903,picknick,
39911,pill,
39913,pilz,
39915,pizza,
39933,pizz,
39934,plakat,
39937,plan,
39948,plant,
39951,planung,
39952,plastik,
39953,platz,
39980,plotzlich,
39989,plural,
39990,pnchst,
39991,pol,
39992,polit,
39999,politikerin,
40003,polizei,
40013,polizel,
40020,polizist,
40024,polizistin,
40025,pomm,
40036,por,
40037,port,
40039,portemonnai,
40041,portiert,
40042,portion,
40046,portmone,
40047,portugies,
40048,position,
40049,positiv,
40051,post,
40091,postkart,
40092,postleit,
40093,postleitzahl,
40097,postl,
40098,postlerin,
40099,postsend,
40100,poststempel,
40101,potsdam,
40102,poulet,
40105,ppeldl,
40106,praktika,
40107,praktikant,
40108,praktikantin,
40109,praktikum,
40114,praktisch,
40120,pralin,
40121,praposition,
40122,prasentation,
40123,prasenti,
40125,prasident,
40126,prax,
40127,praxis,
40135,preis,
40155,preiswert,
40158,press,
40159,prima,
40161,privat,
40168,pro,
40180,prob,
40181,probi,
40188,probiert,
40196,probl,
40219,problem,
40227,produkt,
40234,produktion,
40235,produzi,
40236,produziert,
40240,professor,
40241,professorin,
40242,profi,
40243,profisportl,
40244,profisportlerin,
40245,programm,
40249,programmander,
40252,proiekt,
40253,projekt,
40257,prospekt,
40263,prost,
40264,prot,
40266,protesti,
40268,protestiert,
40270,prozent,
40271,prozess,
40272,pruf,
40275,pruft,
40277,prufung,
40325,prufungsort,
40326,prufungstermin,
40328,publikum,
40329,pullov,
40345,puni,
40346,punkt,
40353,punktlich,
40372,punt,
40373,pupp,
40375,putz,
40382,putzt,
40385,qmb,
40386,qnen,
40387,qualifikation,
40389,qualitat,
40396,quarti,
40398,quer,
40399,quittung,
40403,quiz,
40406,quizsend,
40407,quz,
40408,raaumt,
40409,rabatt,
40410,rad,
40421,radeis,
40422,radfahr,
40423,radfahrerin,
40424,radio,
40442,ragl,
40443,rahm,
40447,rallt,
40448,rammstein,
40449,rand,
40450,rannt,
40451,rant,
40452,ras,
40453,rasi,
40454,rasiert,
40456,rat,
40462,ratespiel,
40463,rathaus,
40468,ratschlag,
40470,ratsel,
40473,rau,
40474,rauch,
40505,raucherin,
40507,raucht,
40510,rauchverbot,
40511,rauf,
40513,raufkomm,
40514,raum,
40524,raumt,
40527,raus,
40533,rausbring,
40534,rausch,
40535,rausgefund,
40536,rausgelauf,
40537,rauskomm,
40538,rauus,
40539,reagi,
40540,reagiert,
40543,reaktion,
40544,realisi,
40545,realisiert,
40548,realist,
40549,realitat,
40550,reception,
40551,recherch,
40553,rechn,
40560,rechnet,
40562,rechnung,
40577,rechnungsnumm,
40578,recht,
40602,rechtlich,
40622,rechtzeit,
40625,red,
40633,redet,
40636,reduzi,
40637,reduziert,
40641,referat,
40642,reform,
40643,regal,
40655,regel,
40656,regelmass,
40662,regeln,
40664,regelt,
40666,reg,
40678,regenschirm,
40679,regentropf,
40680,regier,
40683,region,
40685,regional,
40686,regionalbahn,
40687,regn,
40693,regnet,
40713,regt,
40715,rei,
40716,reich,
40720,reicht,
40725,reif,
40732,reih,
40738,reihenfolg,
40739,rein,
40748,reingeh,
40749,reinig,
40753,reinigt,
40759,reinkomm,
40760,reis,
40800,reiseburo,
40807,reisebuuro,
40808,reisefuhr,
40813,reiseleiterin,
40822,reiseorganisation,
40823,reist,
40825,reit,
40828,reitet,
40830,reklam,
40831,rekord,
40832,relativ,
40833,religion,
40834,renn,
40835,rennfahr,
40836,rennt,
40837,renovi,
40839,renoviert,
40840,renovier,
40841,rent,
40849,rentn,
40853,rentnerin,
40855,reparatur,
40865,repari,
40874,reparierst,
40875,repariert,
40880,reparlert,
40881,reportag,
40882,report,
40883,reporterin,
40884,reservi,
40888,reserviert,
40894,reservier,
40895,respekt,
40898,rest,
40903,restau,
40904,restaurant,
40922,rett,
40923,rettet,
40925,reu,
40926,rezept,
40933,rezeptfrei,
40934,rezeption,
40940,rhein,
40943,ricardo,
40945,richt,
40946,richterin,
40947,richtet,
40949,richtig,
40972,richtung,
40974,rico,
40975,riech,
40979,riecht,
40985,rief,
40986,riesig,
40988,riet,
40989,rinaldo,
40990,rind,
40993,ring,
40999,risik,
41000,risiko,
41001,rita,
41002,ritt,
41003,riutt,
41004,rlnlhr,
41005,rnuss,
41006,robert,
41007,roberto,
41008,roch,
41009,rock,
41015,roh,
41016,rohr,
41018,roll,
41020,rom,
41021,roman,
41023,romant,
41025,romeo,
41026,romisch,
41027,ros,
41029,rot,
41040,rrigiert,
41041,rte,
41042,rtslcth,
41043,ruck,
41049,ruckfahrt,
41050,ruckkehr,
41051,rucksack,
41054,ruckseit,
41055,rucksicht,
41056,ruckwart,
41058,rudesheim,
41059,ruebli,
41062,ruf,
41086,rufnumm,
41087,rufst,
41090,ruft,
41096,rug,
41097,ruh,
41109,ruhetag,
41111,ruhi,
41112,ruhig,
41122,ruhm,
41123,ruht,
41126,rund,
41133,rundfahrt,
41134,rundfunk,
41135,rundgang,
41136,rundreis,
41137,rung,
41138,runt,
41140,runtergelad,
41141,runtergeworf,
41142,runterwerf,
41143,russisch,
41144,saal,
41145,saarbruck,
41147,sach,
41165,sack,
41167,saft,
41170,sag,
41205,sagt,
41221,sah,
41224,sahn,
41230,saison,
41231,salat,
41250,salb,
41252,sal,
41253,salon,
41254,salz,
41260,salzburg,
41261,salzig,
41262,sammeln,
41266,sammelt,
41270,samstag,
41280,samstagab,
41288,samtlich,
41289,sand,
41290,sandt,
41291,sandung,
41292,sang,
41295,sangerin,
41298,sank,
41299,sant,
41300,sarah,
41301,sass,
41302,satt,
41303,satz,
41311,saub,
41314,sauc,
41315,saueg,
41316,sau,
41318,sav,
41319,scden,
41320,scdqr,
41321,sch,
41323,schacht,
41324,schachtel,
41328,schad,
41338,schadet,
41340,schadlich,
41342,schaff,
41355,schafft,
41357,schaft,
41358,schalt,
41372,schaltet,
41375,scharf,
41383,schatt,
41384,schatz,
41386,schatzt,
41388,schau,
41393,schaufen,
41395,schauspiel,
41398,schauspielerin,
41399,schaust,
41400,schaut,
41403,schavu,
41404,scheib,
41406,scheid,
41410,scheidet,
41411,scheidung,
41412,schein,
41416,scheint,
41423,schen,
41424,schenk,
41429,schenkt,
41432,scher,
41435,schi,
41436,schick,
41455,schickt,
41457,schieb,
41459,schiebt,
41460,schief,
41462,schien,
41463,schiess,
41464,schiesst,
41465,schiff,
41470,schiffskatastroph,
41471,schild,
41477,schillerstrass,
41478,schimpf,
41482,schimpft,
41484,schink,
41486,schinkenbrot,
41487,schirm,
41494,schlaf,
41514,schlaft,
41517,schlafzimm,
41520,schlag,
41538,schlagob,
41539,schlagt,
41541,schlang,
41544,schlank,
41545,schlecht,
41580,schlief,
41581,schliess,
41596,schliesslich,
41598,schliesst,
41606,schlimm,
41615,schloss,
41628,schlug,
41631,schluss,
41642,schlussel,
41664,schmal,
41665,schmeck,
41669,schmeckt,
41691,schmerz,
41706,schmerzmittel,
41707,schmerztablett,
41709,schmidt,
41715,schmink,
41716,schminkt,
41718,schmitt,
41719,schmuck,
41720,schmutz,
41721,schmutzig,
41727,schmutzung,
41728,schnallt,
41730,schnee,
41737,schneid,
41743,schneidet,
41751,schneien,
41753,schneit,
41759,schnell,
41810,schnitt,
41811,schnitzel,
41812,schnupf,
41813,schob,
41814,schokolad,
41832,schokoladeneis,
41833,schokoladenglac,
41834,schokoladenkuch,
41835,schon,
42126,schopft,
42127,schoss,
42128,schrank,
42152,schreck,
42154,schrecklich,
42162,schrecklick,
42163,schreib,
42198,schreibheft,
42201,schreibt,
42216,schreibtisch,
42223,schreien,
42224,schreit,
42225,schrie,
42226,schrieb,
42227,schrift,
42229,schriftlich,
42237,schriftstell,
42238,schriftstellerin,
42239,schritt,
42242,schu,
42243,schuh,
42267,schuhgeschaft,
42268,schulabschluss,
42269,schularbeit,
42271,schulbus,
42272,schuld,
42276,schuldig,
42277,schul,
42339,schulerin,
42343,schulerinn,
42346,schulferi,
42347,schulklass,
42348,schult,
42349,schulz,
42350,schumach,
42351,schussel,
42352,schust,
42353,schutteln,
42354,schuttelt,
42356,schutz,
42359,schutzfaktor,
42360,schutzt,
42362,schwach,
42368,schwag,
42369,schwamm,
42371,schwammerln,
42372,schwang,
42376,schwangerschaft,
42377,schwarzbrot,
42378,schwarz,
42380,schwarzfahr,
42381,schwarzwald,
42382,schweig,
42383,schweigt,
42384,schwein,
42385,schweinefleisch,
42386,schweiz,
42388,schwer,
42420,schwest,
42442,schwi,
42443,schwieg,
42445,schwiegerelt,
42446,schwiegertocht,
42447,schwiegervat,
42448,schwierig,
42462,schwimm,
42463,schwimmbad,
42485,schwimmt,
42486,schwitim,
42487,schwitito,
42488,schwitz,
42489,schwitzt,
42491,scn,
42492,seb,
42493,sec,
42494,sech,
42499,sechserpack,
42500,see,
42512,seeluft,
42513,seeuf,
42514,seh,
42516,sehang,
42563,sehenswurd,
42567,sehr,
42867,sei,
42874,seid,
42880,seien,
42881,seif,
42884,sein,
42984,seit,
43027,seitd,
43036,sekretar,
43037,sekretarin,
43039,sekund,
43040,selb,
43049,selbststand,
43053,selbstverstand,
43054,seln,
43056,selt,
43077,seltsam,
43079,sem,
43080,seminar,
43082,semmel,
43084,semmeln,
43085,sen,
43086,send,
43089,sendet,
43091,sendung,
43098,senior,
43100,seniorenheim,
43101,senkrecht,
43103,senn,
43104,septemb,
43105,ser,
43106,seri,
43108,servic,
43113,serviceangestellt,
43116,serviert,
43117,seschmatt,
43118,sessel,
43124,set,
43125,setz,
43135,setzt,
43141,setzung,
43142,sewesecn,
43143,shirt,
43152,sibt,
43153,sich,
43486,sichert,
43488,sicher,
43489,sichtbar,
43491,sie,
44669,sieb,
44675,sieg,
44678,siegerin,
44679,siegt,
44681,sieh,
44691,sieht,
44718,siem,
44721,sient,
44722,siez,
44723,siezt,
44725,silvana,
44727,sim,
44728,sin,
44732,sina,
44733,sind,
44987,sing,
44994,singt,
44996,sink,
44997,sinkt,
44998,sinn,
44999,sinnlos,
45001,sinnvoll,
45002,sino,
45003,sioeien,
45004,sioniert,
45006,sirc,
45007,situation,
45015,sitz,
45039,sitzplatz,
45041,sitzt,
45045,ski,
45049,skier,
45050,skifahr,
45051,sle,
45055,slent,
45056,snohcn,
45057,snr,
45058,sobald,
45059,sock,
45061,sodass,
45062,sofa,
45070,sofia,
45071,sofort,
45096,sogar,
45099,sogenannt,
45101,sohn,
45136,solang,
45138,solch,
45141,soll,
45215,sollt,
45232,somm,
45250,sommerfahrplan,
45251,sommerferi,
45252,sommerf,
45253,sommerurlaub,
45254,sond,
45255,sonderangebot,
45264,sonderpreis,
45265,sonenstand,
45266,sonja,
45267,sonn,
45279,sonnig,
45284,sonntag,
45302,sonst,
45318,soowieso,
45319,sorg,
45324,sorgt,
45326,sorry,
45327,soss,
45330,souvenir,
45332,sovi,
45333,soviel,
45334,sowieso,
45335,sowohl,
45336,sozial,
45337,sozialarbeit,
45338,sozialarbeiterin,
45340,spaat,
45341,spani,
45348,spanisch,
45352,spanl,
45354,spannend,
45358,spar,
45365,sparkonto,
45366,sparsam,
45368,spart,
45370,spass,
45381,spat,
45425,spatest,
45427,spazief,
45428,spazi,
45446,spaziergang,
45448,spe,
45449,speicherkart,
45450,speich,
45453,speichert,
45455,speis,
45457,speisekart,
45463,speisewag,
45464,spezial,
45465,spezialist,
45466,spezialistin,
45467,spezialpfleg,
45468,speziell,
45470,spie,
45471,spiegel,
45473,spiel,
45546,spielerin,
45547,spielplatz,
45549,spielt,
45571,spielzeug,
45573,spitz,
45574,spnsch,
45575,sport,
45593,sportart,
45594,sporthall,
45595,sportl,
45596,sportlerin,
45597,sportlich,
45601,sportplatz,
45602,sportprojekt,
45603,sportschuh,
45604,sportverein,
45611,sprach,
45625,sprachinstitut,
45626,sprachkenntnis,
45627,sprachkur,
45628,sprachkurs,
45629,sprachschul,
45630,sprang,
45631,sprech,
45686,sprechstund,
45690,sprich,
45692,spricht,
45704,spring,
45705,springt,
45706,spritz,
45709,sproch,
45710,spul,
45711,spult,
45712,spur,
45714,spurt,
45716,spuult,
45717,sse,
45718,ssie,
45719,ssodass,
45720,ssogar,
45721,ssowohl,
45722,ssuch,
45723,staat,
45724,stach,
45725,stack,
45726,stadi,
45727,stadion,
45728,stadt,
45783,stadtbibliothek,
45784,stadthall,
45785,stadtisch,
45787,stadtplan,
45792,stadtrundfahrt,
45793,stadtteil,
45794,stadttour,
45795,stadtzentrum,
45798,stahl,
45799,stamm,
45801,stammt,
45803,stancn,
45804,stand,
45812,standig,
45814,standpunkt,
45815,stank,
45816,star,
45819,starb,
45820,stark,
45840,starnberg,
45841,start,
45844,startet,
45847,station,
45849,statist,
45852,statt,
45867,stattfind,
45868,stattgefund,
45869,stau,
45871,staub,
45872,staubsaug,
45873,staubsaugt,
45875,stauend,
45876,stauu,
45877,stech,
45878,steckdos,
45880,steck,
45882,steckt,
45886,stefan,
45887,steffi,
45888,steh,
45906,stehl,
45907,steht,
45942,steig,
45949,steigt,
45955,steil,
45956,stein,
45958,stell,
46009,stellenangebot,
46011,stellt,
46028,stempel,
46029,sten,
46030,sterb,
46031,stern,
46033,steuererklar,
46034,steuerkart,
46035,steu,
46040,stev,
46041,steward,
46042,stewardess,
46043,sticht,
46044,stiefel,
46047,stieg,
46052,stiegenhaus,
46054,stiehlt,
46055,stiess,
46056,stift,
46064,stil,
46065,stilist,
46066,still,
46068,stimm,
46073,stimmt,
46086,stimmung,
46087,stink,
46088,stinkt,
46089,stip,
46090,stipendium,
46091,stirbt,
46093,stlerinn,
46094,stock,
46111,stockwerk,
46114,stofan,
46115,stoff,
46117,stolz,
46118,stopp,
46120,stoppt,
46122,stor,
46130,stort,
46137,storung,
46138,stoss,
46139,stosst,
46140,strafbar,
46141,straf,
46144,strafzettel,
46146,strand,
46151,strass,
46198,strassenbahn,
46208,strassenrand,
46209,strassenverkehr,
46210,stre,
46211,streck,
46215,streich,
46216,streichholz,
46218,streik,
46221,streikt,
46223,streit,
46228,streitet,
46229,streng,
46233,strengt,
46235,stress,
46239,stressig,
46240,strich,
46241,stritt,
46242,strom,
46244,strumpf,
46246,stuck,
46273,student,
46281,studentin,
46285,studentinn,
46286,studi,
46300,studier,
46302,studiert,
46312,studio,
46316,studium,
46322,stuf,
46324,stuhl,
46330,stumm,
46331,stund,
46367,sturm,
46371,sturz,
46372,sturzt,
46374,stuttgart,
46380,such,
46422,sucht,
46431,suchtig,
46433,suchtmittel,
46434,sudamerika,
46435,sudbahnhof,
46436,suddeutschland,
46437,sud,
46438,summ,
46439,sun,
46440,sung,
46441,sup,
46450,supermarkt,
46462,supp,
46480,surf,
46481,surfgn,
46483,surft,
46484,susa,
46485,susann,
46488,suss,
46494,sussig,
46496,suumme,
46497,suupp,
46498,suuss,
46499,symbol,
46501,sympath,
46505,syst,
46508,szeit,
46509,szen,
46511,tabell,
46512,tabich,
46513,tablet,
46514,tablett,
46528,tadt,
46529,tafel,
46534,tafeln,
46535,tafft,
46536,tag,
46601,tagesablauf,
46602,taglich,
46606,tal,
46608,talent,
46609,tam,
46610,tank,
46611,tankstell,
46612,tankt,
46614,tant,
46619,tanz,
46634,tanzkur,
46635,tanzt,
46637,tarek,
46638,tasch,
46653,taschengeld,
46657,taschentuch,
46659,tass,
46669,tastatur,
46670,tast,
46672,tat,
46678,taterin,
46679,tatig,
46681,tatort,
46682,tatsach,
46686,taub,
46687,tauch,
46688,taucht,
46690,tausch,
46694,tauscht,
46698,tauub,
46699,tax,
46700,taxi,
46703,tchtlg,
46704,team,
46706,technik,
46707,technisch,
46710,technologi,
46711,tee,
46743,teef,
46744,teekann,
46745,tegriert,
46746,teht,
46747,teil,
46766,teilgenomm,
46767,teilnahm,
46768,teilnehm,
46775,teilnehmerin,
46776,teilnehmerinn,
46777,teilnehmerzahl,
46778,teilt,
46782,teilweis,
46783,teilzeit,
46784,telefon,
46795,telefonanbiet,
46796,telefonanschluss,
46797,telefoni,
46803,telefoniert,
46807,telefonlert,
46808,telefonnetzwerk,
46809,telefonnumm,
46812,tell,
46819,temperatur,
46822,tempo,
46824,ten,
46825,tengstrass,
46826,tennis,
46830,tep,
46831,teppich,
46835,tept,
46836,teressiert,
46837,terlass,
46838,terlaub,
46839,termin,
46881,terminkal,
46883,tern,
46884,terrass,
46885,terweg,
46886,tes,
46888,test,
46893,testet,
46896,teu,
46905,teuergeschicht,
46906,teur,
46909,teuv,
46911,tev,
46928,tevr,
46929,tevu,
46932,tevur,
46933,text,
46941,tfdle,
46942,theat,
46947,theaterstuck,
46948,thek,
46949,thema,
46963,them,
46965,theoret,
46967,theori,
46969,therapi,
46970,thielt,
46971,thomas,
46976,ticket,
46981,tief,
46987,tier,
46990,tierpark,
46991,tierversuch,
46992,tim,
46993,tipp,
46999,tippt,
47001,tisch,
47028,titel,
47032,tlerweil,
47033,tleslt,
47034,tlgtt,
47035,toch,
47036,tocht,
47079,tod,
47080,todlich,
47081,toilett,
47092,tolerant,
47093,toll,
47117,tom,
47118,tomat,
47125,tomatensaft,
47126,tomatensart,
47127,topf,
47132,tor,
47136,tort,
47144,tot,
47150,total,
47158,totost,
47159,tour,
47160,tourismus,
47161,tourist,
47163,touristin,
47164,tra,
47165,traagt,
47166,traaum,
47167,tradition,
47168,traditionell,
47170,traf,
47171,trag,
47189,tragt,
47200,train,
47201,trainerin,
47202,traini,
47206,trainiert,
47209,training,
47214,tram,
47216,tran,
47218,trank,
47220,transport,
47221,transporti,
47222,transportiert,
47224,trat,
47226,traum,
47231,traumberuf,
47234,traumt,
47237,traurig,
47243,treff,
47278,treffén,
47279,treffpunkt,
47280,treib,
47282,treibt,
47283,tremc,
47284,trenn,
47286,trennt,
47288,trennung,
47290,trepp,
47301,treppenhaus,
47304,tret,
47305,treu,
47306,treuu,
47307,trieb,
47308,trifft,
47309,trink,
47362,trinkgeld,
47363,trinkt,
47364,tritt,
47367,trock,
47376,trockn,
47377,trocknet,
47380,tropf,
47383,trottoir,
47385,trotz,
47386,trotzd,
47389,trug,
47390,tschus,
47392,tschuss,
47395,tta,
47396,tuch,
47397,tue,
47398,tun,
47421,tung,
47423,tur,
47462,turkei,
47463,turm,
47465,tut,
47521,typ,
47524,typisch,
47531,ube,
47532,uben,
47533,uber,
47629,uberall,
47636,uberfahr,
47638,uberfahrt,
47639,uberfuhr,
47640,uberhaupt,
47644,uberhol,
47645,uberholt,
47647,uberleg,
47649,uberlegt,
47653,ubermorg,
47657,ubernach,
47658,ubernacht,
47665,ubernachtet,
47672,ubernahm,
47673,ubernehm,
47674,ubernimmt,
47675,ubernomm,
47676,uberpruf,
47677,uberpruft,
47679,uberqu,
47680,uberquert,
47682,uberrasch,
47684,uberrascht,
47691,uberred,
47692,uberredet,
47696,uberschrift,
47698,ubersetz,
47702,ubersetzerin,
47703,ubersetzt,
47709,uberstund,
47714,ubertrag,
47715,ubertreib,
47716,ubertreibt,
47717,ubertrieb,
47719,uberweis,
47730,uberweist,
47732,uberwi,
47733,uberwies,
47735,uberzeug,
47737,uberzeugt,
47742,ublich,
47743,ubrig,
47745,ubt,
47746,ubung,
47749,uds,
47750,uespitz,
47751,ufen,
47752,ufer,
47753,ufosmuli,
47754,uhr,
47885,ullt,
47886,ulm,
47887,ult,
47888,umarm,
47889,umarmt,
47891,umaud,
47892,umdreh,
47893,ume,
47894,umen,
47895,umfahr,
47896,umfrag,
47897,umgeb,
47898,umgedreht,
47899,umgegang,
47900,umgeh,
47901,umgekehrt,
47902,umgestieg,
47903,umgetauscht,
47904,umgezog,
47908,umkehr,
47909,umleit,
47910,ummeld,
47911,ummso,
47912,ums,
47913,umseh,
47914,umso,
47915,umson,
47916,umsteig,
47921,umtausch,
47924,umwelt,
47928,umweltschutz,
47932,umweltv,
47933,umweltverschmutz,
47934,umzieh,
47941,umzug,
47945,umzukehr,
47946,unangenehm,
47947,unbed,
47948,unbedingt,
47959,und,
48209,uné,
48210,unentschied,
48212,unfall,
48238,unfallort,
48241,unfallursach,
48242,unfreund,
48245,ungefahr,
48246,ung,
48247,ungewohn,
48248,unglaub,
48249,ungluck,
48252,unheim,
48256,uniform,
48258,universitat,
48263,unpunkt,
48264,uns,
48574,unt,
48602,unterbrach,
48603,unterbrech,
48604,unterbrich,
48605,unterbricht,
48606,unterbroch,
48608,unterhalt,
48618,unterhielt,
48619,unterkunft,
48624,unterlag,
48626,unterlass,
48627,unterlasst,
48628,unterliess,
48630,unternahm,
48631,unternehm,
48635,unternehmerin,
48636,unternimmt,
48637,unternomm,
48638,unterricht,
48651,unterrichtet,
48654,untersagt,
48655,unterscheid,
48656,unterschied,
48666,unterschrabt,
48667,unterschreib,
48677,unterschrieb,
48679,unterschrift,
48686,unterstr,
48687,unterstreich,
48688,unterstrich,
48690,unterstutz,
48691,unterstutzt,
48694,untersuch,
48700,untersucht,
48707,unterweg,
48713,unterwesss,
48714,unwicht,
48715,uper,
48716,urkund,
48717,urlaub,
48799,urlaubsfotos,
48800,urlaubsreis,
48801,urlaubszeit,
48802,ursach,
48803,ursprung,
48804,urteil,
48808,uschi,
48809,usgeb,
48810,ussbg,
48811,uub,
48812,uuberau,
48813,uum,
48814,uumson,
48815,uunterweg,
48816,vansclt,
48817,vas,
48818,vat,
48833,vegetar,
48835,veiuftstas,
48836,velo,
48840,velofahr,
48841,ver,
48843,verabred,
48844,verabredet,
48855,verabschied,
48857,verabschiedet,
48860,verand,
48862,verandert,
48865,veranstal,
48866,veranstalt,
48868,verantwort,
48870,verband,
48871,verbess,
48873,verbessert,
48877,verbesser,
48878,verbiet,
48880,verbietet,
48881,verbind,
48883,verbindet,
48887,verbot,
48900,verbracht,
48903,verbrannt,
48905,verbrauch,
48906,verbraucht,
48910,verbrech,
48911,verbrecherin,
48912,verbrenn,
48913,verbrennt,
48914,verbring,
48915,verbringt,
48916,verbund,
48917,vercu,
48918,verdacht,
48923,verdi,
48931,verdient,
48941,verein,
48946,vereinbar,
48949,vereinbart,
48952,veremba,
48953,vergang,
48954,vergass,
48955,vergeb,
48956,vergess,
48980,vergiss,
48982,vergisst,
48983,vergleich,
48990,vergleicht,
48991,verglich,
48993,vergnug,
48996,vergnugt,
48999,vergnuugt,
49000,vergross,
49003,vergrossert,
49005,verhaft,
49006,verhaftet,
49010,verhalt,
49017,verhaltnis,
49019,verheiratet,
49030,verhielt,
49031,verhind,
49032,verhindert,
49034,verkauf,
49039,verkauferin,
49043,verkauft,
49050,verkehr,
49061,verkehrsmittel,
49063,verkehrsmitteln,
49064,verkehrszeich,
49065,verlag,
49066,verlang,
49070,verlangert,
49073,verlangt,
49076,verlass,
49079,verlasst,
49080,verlauf,
49082,verlauft,
49083,verletz,
49084,verletzt,
49105,verlieb,
49106,verliebt,
49113,verlief,
49114,verli,
49119,verliererin,
49120,verliert,
49121,verliess,
49122,verlor,
49139,verlust,
49140,vermeid,
49141,vermeidet,
49142,vermied,
49144,vermiet,
49153,vermieterin,
49155,vermietet,
49163,vermiss,
49165,vermisst,
49167,vermittl,
49169,vermut,
49171,vermutet,
49174,vernunft,
49176,verof,
49177,veroffent,
49178,veroffentlicht,
49180,veronika,
49181,verpack,
49182,verpackt,
49185,verpass,
49187,verpasst,
49196,verpfleg,
49197,verpflegt,
49200,verpflichtet,
49201,verrat,
49204,verreis,
49205,verreist,
49212,verriet,
49213,verruckt,
49216,versamm,
49217,versamml,
49218,versaum,
49219,versaumt,
49222,verschenkt,
49223,verschieb,
49226,verschiebt,
49227,verschied,
49236,verschmutz,
49237,verschmutzt,
49240,verschob,
49242,verschreib,
49244,verschreibt,
49245,verschrieb,
49250,verschwand,
49251,verschwind,
49252,verschwindet,
49253,verschwund,
49254,versich,
49255,versichert,
49258,versichertenkart,
49260,versicher,
49264,versicherungsgesellschaft,
49265,verspa,
49266,verspat,
49281,versprach,
49282,versprech,
49283,verspricht,
49284,versproch,
49285,verstand,
49298,verstandnis,
49299,verstano,
49300,versteck,
49301,versteckt,
49304,versteh,
49332,versteht,
49333,versuc,
49334,versuch,
49339,versucht,
49346,versunk,
49347,vert,
49348,verteil,
49350,verteilt,
49352,vertrag,
49358,vertrat,
49359,vertrau,
49363,vertraut,
49365,vertret,
49368,vertreterin,
49370,vertritt,
49372,verursach,
49373,verursacht,
49375,verurteil,
49376,verurteilt,
49380,verwalt,
49381,verwandt,
49386,verwechseln,
49387,verwechselt,
49390,verw,
49391,verwend,
49392,verwendet,
49394,verzeih,
49395,verzeiht,
49397,verzicht,
49399,verzichtet,
49401,verzieh,
49403,vgegenub,
49404,video,
49406,videospiel,
49407,vie,
49408,vieied,
49409,viel,
49657,vielleicht,
49676,viensicnt,
49677,vier,
49693,viertel,
49696,viertelstund,
49697,vir,
49698,virtuell,
49700,virus,
49701,visa,
49702,visitenkart,
49703,vist,
49704,visum,
49707,vitamin,
49709,vllllg,
49710,vocpenegdla,
49711,vogel,
49714,vogelhaus,
49715,vogeln,
49716,volkshochschul,
49717,voll,
49727,volleyball,
49730,vollig,
49734,vollmond,
49735,vollpension,
49736,volltank,
49737,vollzeit,
49738,vom,
49757,von,
49948,voneinand,
49949,vooraus,
49950,vor,
50031,voraus,
50032,vorausset,
50033,voraussetz,
50034,voraussicht,
50035,vorbei,
50041,vorbeikomm,
50042,vorbel,
50044,vorbereit,
50047,vorbereitet,
50050,vord,
50052,vorfahrt,
50054,vorgehabt,
50055,vorgekomm,
50056,vorgeles,
50057,vorgeschlag,
50058,vorgestellt,
50060,vorg,
50063,vorhab,
50064,vorh,
50070,vorhin,
50071,vorkomm,
50072,vorkommt,
50073,vorlauf,
50076,vorles,
50077,vormittag,
50078,vorn,
50082,vornam,
50099,vorort,
50102,vorschlag,
50115,vorschlagz,
50116,vorschrift,
50118,vorsicht,
50140,vorspeis,
50141,vorstell,
50150,vorstellungsgesprach,
50151,vorteil,
50152,vortrag,
50153,vorwaart,
50154,vorwahl,
50157,vorwart,
50159,vorwurf,
50161,vorzu,
50162,vqgestellt,
50163,vqn,
50164,vsv,
50165,vvelch,
50166,vvir,
50167,vvta,
50168,vwonnzimmet,
50169,waagerecht,
50171,wach,
50176,wachs,
50180,wacht,
50182,wag,
50198,wahl,
50213,wahlt,
50216,wahnsinn,
50218,wahr,
50224,wahrend,
50229,wahrheit,
50231,wahrschein,
50235,wald,
50246,wan,
50247,wand,
50261,wandert,
50263,wander,
50264,wandt,
50265,wann,
50338,war,
50529,warf,
50530,warm,
50554,warn,
50556,warnt,
50558,warst,
50564,wart,
50602,wartet,
50605,warum,
50632,was,
50790,wasch,
50816,waschmaschin,
50824,waschmittel,
50829,wascht,
50832,wass,
50856,watanab,
50857,web,
50858,webseit,
50860,websit,
50861,wechselgeld,
50862,wechseln,
50869,wechselt,
50871,weck,
50878,weckt,
50880,wed,
50882,weg,
50911,wegbring,
50922,wegfahr,
50923,weggefahr,
50924,weggelauf,
50925,weggenomm,
50926,wegmach,
50927,wegwerf,
50929,weh,
50960,wehgetan,
50962,wehtun,
50964,weiblich,
50973,weich,
50977,weig,
50979,weigert,
50981,weihnacht,
50984,weil,
50995,wein,
51010,weint,
51013,weis,
51015,weiss,
51052,weissbrot,
51055,weisst,
51065,weist,
51066,weisung,
51067,weit,
51091,weiterbild,
51093,weiterhelf,
51094,weiterhin,
51095,weitermach,
51096,welc,
51097,welch,
51168,welt,
51177,weltkrieg,
51178,weltmeist,
51179,weltreis,
51180,weltweit,
51182,wem,
51185,wen,
51194,wend,
51195,wendet,
51197,wenig,
51218,wenigst,
51221,wenlig,
51222,wenn,
51291,wentg,
51292,wer,
51328,werb,
51329,werbung,
51332,werd,
51379,werf,
51382,werk,
51386,werkstatt,
51390,werkzeug,
51391,wert,
51397,wertlos,
51398,wertvoll,
51400,weshalb,
51402,west,
51403,wettb,
51404,wettbewerb,
51407,wett,
51450,wetterbericht,
51453,wettervorhersag,
51454,wettet,
51456,wfir,
51457,wichtig,
51485,widersprach,
51486,widersprech,
51487,widerspricht,
51489,widersproch,
51490,wie,
51709,wied,
51772,wiedergefund,
51773,wiederhol,
51783,wiederholt,
51788,wiederhor,
51791,wiederkomm,
51792,wiederseh,
51800,wieg,
51802,wiegt,
51804,wiehet,
51805,wien,
51807,wieoet,
51808,wies,
51809,wiesbad,
51811,wieso,
51812,wild,
51814,will,
51842,willkomm,
51862,wind,
51865,windig,
51868,wink,
51869,winkt,
51872,wint,
51879,winterschuh,
51880,wir,
52592,wird,
52629,wirf,
52630,wirft,
52631,wirk,
52632,wirklich,
52650,wirkt,
52652,wirkung,
52654,wirst,
52657,wirt,
52658,wirtin,
52659,wirtschaft,
52662,wiss,
52675,wissenschaft,
52676,wissenschaftl,
52677,wissenschaftlerin,
52678,witz,
52682,witzig,
52683,wlir,
52684,wllkomm,
52685,wmd,
52686,wmm,
52687,woch,
52753,wochen,
52782,wocn,
52783,wog,
52784,woh,
52798,wohin,
52812,wohl,
52818,wohn,
52881,wohnflach,
52882,wohngeld,
52883,wohnort,
52887,wohnsitz,
52891,wohnt,
52914,wohnung,
53012,wohnungsangebot,
53013,wohnungseinbruch,
53014,wohnungstur,
53015,wohnzi,
53016,wohnzimm,
53024,wohnzimmert,
53025,wolk,
53030,woll,
53089,wollt,
53105,womit,
53106,wonnung,
53107,woo,
53112,word,
53113,workshop,
53115,wort,
53144,worterbuch,
53151,wortet,
53152,wortlist,
53318,wortschatz,
53319,worub,
53321,worum,
53323,wuch,
53324,wund,
53332,wunderbar,
53340,wunderschon,
53342,wundert,
53344,wunsch,
53371,wunscht,
53374,wurd,
53403,wurdig,
53404,wurst,
53415,wurstch,
53416,wurzburg,
53417,wurz,
53418,wusch,
53419,wusst,
53420,wutend,
53421,wwand,
53422,wwandt,
53423,wwar,
53424,wwarum,
53425,wwas,
53426,wweg,
53427,wwieso,
53428,wwunsch,
53429,yannick,
53430,yaz,
53431,yer,
53432,yin,
53434,ynumm,
53435,york,
53436,yte,
53437,zagreb,
53438,zahl,
53480,zahlreich,
53482,zahlt,
53488,zahlung,
53489,zahn,
53493,zahnarzt,
53497,zahnarztin,
53498,zahnarzttermin,
53499,zahnburst,
53500,zahncrem,
53502,zahnschmerz,
53503,zang,
53504,zaoll,
53505,zasreb,
53506,zehn,
53525,zeich,
53527,zeichn,
53529,zeichnet,
53531,zeichnung,
53532,zeig,
53541,zeigt,
53546,zeil,
53548,zeis,
53549,zeit,
53603,zeitpunkt,
53604,zeitschit,
53605,zeitschnt,
53606,zeitschrift,
53615,zeitung,
53648,zeitungslad,
53649,zelt,
53654,zeltet,
53656,zeltlag,
53657,zen,
53658,zentimet,
53659,zentral,
53661,zentr,
53662,zentrum,
53673,zerstor,
53674,zerstort,
53677,zertifikat,
53735,zettel,
53740,zeug,
53744,zeugin,
53745,zeugnis,
53753,zheie,
53754,zieh,
53782,zieht,
53795,ziel,
53799,ziemlich,
53806,zigarett,
53813,zimm,
53862,zimmerpreis,
53863,zimmerschlussel,
53864,zins,
53865,zirkus,
53868,zit,
53869,zitron,
53874,zitroneneis,
53875,zivilstand,
53878,zlich,
53879,znuni,
53881,zoae,
53882,zog,
53886,zoll,
53888,zon,
53889,zoo,
53890,zte,
53891,zub,
53892,zubereit,
53893,zubereitet,
53894,zuck,
53905,zueinand,
53906,zuerst,
53921,zufall,
53929,zufried,
53944,zug,
54002,zugang,
54009,zugeh,
54010,zugehort,
54011,zugemacht,
54012,zugenom,
54013,zugenomm,
54015,zugesagt,
54016,zugeschaut,
54017,zugeschickt,
54018,zugestimmt,
54019,zugfahr,
54020,zugrestaurant,
54021,zugspitz,
54022,zuhaus,
54023,zuhor,
54026,zuhorerin,
54027,zuhorerinn,
54028,zukunft,
54033,zuletzt,
54037,zum,
54194,zumach,
54195,zumind,
54196,zunach,
54198,zund,
54201,zundholz,
54204,zunehm,
54205,zung,
54206,zunimmt,
54207,zur,
54271,zurecht,
54273,zurechtgekomm,
54274,zurechtkomm,
54275,zuruck,
54298,zuruckfahr,
54299,zuruckgeb,
54301,zuruckgekomm,
54302,zuruckkomm,
54304,zuruckruf,
54305,zurzeit,
54311,zus,
54312,zusag,
54313,zusamm,
54344,zusammenarbeit,
54346,zusammenfass,
54347,zusammengefasst,
54348,zusammenhang,
54350,zusatz,
54351,zuschau,
54354,zuschauerin,
54355,zuschav,
54356,zuschlag,
54357,zustand,
54361,zustimm,
54364,zutat,
54365,zuu,
54382,zuug,
54383,zuugegang,
54384,zuugz,
54385,zuurzeit,
54386,zuusamm,
54387,zuuu,
54388,zuverlass,
54389,zuzuhor,
54390,zuzuseh,
54391,zvieri,
54393,zvierl,
54394,zwang,
54395,zwanzig,
54400,zwar,
54403,zweck,
54404,zwei,
54455,zweifel,
54457,zweifeln,
54458,zweifelt,
54460,zweifl,
54461,zweimal,
54463,zweit,
54472,zweitsprach,
54473,zweizimmerwohn,
54474,zwiebel,
54475,zwiebeln,
54476,zwing,
54478,zwingt,
54479,zwisch,
54496,zwolf,
54502,zzu,
54524,zzuerst,
54525,zzufried,
54526,zzuletzt,
54527,zzum,
54528,zzuruck,
54529,zzuruckzubekomm,
54530,zzusamm,
54531,zzusammenfass,
54532,zzuu,
54534,zzwei,